"filename", "language", "CSS", "Svelte", "TypeScript", "JSON", "JavaScript", "HTML", "pip requirements", "Shell Script", "Python", "Batch", "Ini", "Ignore", "comment", "blank", "total"
"c:\Users\Administrator\open-webui\backend\.dockerignore", "Ignore", 0, 0, 0, 0, 0, 0, 0, 0, 0, 0, 0, -13, 0, -1, -14
"c:\Users\Administrator\open-webui\backend\dev.sh", "Shell Script", 0, 0, 0, 0, 0, 0, 0, -2, 0, 0, 0, 0, 0, 0, -2
"c:\Users\Administrator\open-webui\backend\open_webui\__init__.py", "Python", 0, 0, 0, 0, 0, 0, 0, 0, -78, 0, 0, 0, 0, -19, -97
"c:\Users\Administrator\open-webui\backend\open_webui\alembic.ini", "Ini", 0, 0, 0, 0, 0, 0, 0, 0, 0, 0, -90, 0, 0, -25, -115
"c:\Users\Administrator\open-webui\backend\open_webui\config.py", "Python", 0, 0, 0, 0, 0, 0, 0, 0, -1879, 0, 0, 0, -116, -442, -2437
"c:\Users\Administrator\open-webui\backend\open_webui\constants.py", "Python", 0, 0, 0, 0, 0, 0, 0, 0, -93, 0, 0, 0, 0, -27, -120
"c:\Users\Administrator\open-webui\backend\open_webui\env.py", "Python", 0, 0, 0, 0, 0, 0, 0, 0, -271, 0, 0, 0, -60, -113, -444
"c:\Users\Administrator\open-webui\backend\open_webui\functions.py", "Python", 0, 0, 0, 0, 0, 0, 0, 0, -253, 0, 0, 0, -6, -61, -320
"c:\Users\Administrator\open-webui\backend\open_webui\internal\db.py", "Python", 0, 0, 0, 0, 0, 0, 0, 0, -87, 0, 0, 0, -6, -24, -117
"c:\Users\Administrator\open-webui\backend\open_webui\internal\migrations\001_initial_schema.py", "Python", 0, 0, 0, 0, 0, 0, 0, 0, -194, 0, 0, 0, -5, -56, -255
"c:\Users\Administrator\open-webui\backend\open_webui\internal\migrations\002_add_local_sharing.py", "Python", 0, 0, 0, 0, 0, 0, 0, 0, -34, 0, 0, 0, 0, -15, -49
"c:\Users\Administrator\open-webui\backend\open_webui\internal\migrations\003_add_auth_api_key.py", "Python", 0, 0, 0, 0, 0, 0, 0, 0, -34, 0, 0, 0, 0, -15, -49
"c:\Users\Administrator\open-webui\backend\open_webui\internal\migrations\004_add_archived.py", "Python", 0, 0, 0, 0, 0, 0, 0, 0, -32, 0, 0, 0, 0, -15, -47
"c:\Users\Administrator\open-webui\backend\open_webui\internal\migrations\005_add_updated_at.py", "Python", 0, 0, 0, 0, 0, 0, 0, 0, -78, 0, 0, 0, -18, -35, -131
"c:\Users\Administrator\open-webui\backend\open_webui\internal\migrations\006_migrate_timestamps_and_charfields.py", "Python", 0, 0, 0, 0, 0, 0, 0, 0, -113, 0, 0, 0, -3, -15, -131
"c:\Users\Administrator\open-webui\backend\open_webui\internal\migrations\007_add_user_last_active_at.py", "Python", 0, 0, 0, 0, 0, 0, 0, 0, -50, 0, 0, 0, -9, -21, -80
"c:\Users\Administrator\open-webui\backend\open_webui\internal\migrations\008_add_memory.py", "Python", 0, 0, 0, 0, 0, 0, 0, 0, -39, 0, 0, 0, 0, -15, -54
"c:\Users\Administrator\open-webui\backend\open_webui\internal\migrations\009_add_models.py", "Python", 0, 0, 0, 0, 0, 0, 0, 0, -43, 0, 0, 0, 0, -19, -62
"c:\Users\Administrator\open-webui\backend\open_webui\internal\migrations\010_migrate_modelfiles_to_models.py", "Python", 0, 0, 0, 0, 0, 0, 0, 0, -95, 0, 0, 0, -6, -30, -131
"c:\Users\Administrator\open-webui\backend\open_webui\internal\migrations\011_add_user_settings.py", "Python", 0, 0, 0, 0, 0, 0, 0, 0, -32, 0, 0, 0, -2, -15, -49
"c:\Users\Administrator\open-webui\backend\open_webui\internal\migrations\012_add_tools.py", "Python", 0, 0, 0, 0, 0, 0, 0, 0, -43, 0, 0, 0, 0, -19, -62
"c:\Users\Administrator\open-webui\backend\open_webui\internal\migrations\013_add_user_info.py", "Python", 0, 0, 0, 0, 0, 0, 0, 0, -32, 0, 0, 0, -2, -15, -49
"c:\Users\Administrator\open-webui\backend\open_webui\internal\migrations\014_add_files.py", "Python", 0, 0, 0, 0, 0, 0, 0, 0, -40, 0, 0, 0, 0, -16, -56
"c:\Users\Administrator\open-webui\backend\open_webui\internal\migrations\015_add_functions.py", "Python", 0, 0, 0, 0, 0, 0, 0, 0, -43, 0, 0, 0, 0, -19, -62
"c:\Users\Administrator\open-webui\backend\open_webui\internal\migrations\016_add_valves_and_is_active.py", "Python", 0, 0, 0, 0, 0, 0, 0, 0, -36, 0, 0, 0, 0, -15, -51
"c:\Users\Administrator\open-webui\backend\open_webui\internal\migrations\017_add_user_oauth_sub.py", "Python", 0, 0, 0, 0, 0, 0, 0, 0, -35, 0, 0, 0, 0, -11, -46
"c:\Users\Administrator\open-webui\backend\open_webui\internal\migrations\018_add_function_is_global.py", "Python", 0, 0, 0, 0, 0, 0, 0, 0, -35, 0, 0, 0, 0, -15, -50
"c:\Users\Administrator\open-webui\backend\open_webui\internal\wrappers.py", "Python", 0, 0, 0, 0, 0, 0, 0, 0, -45, 0, 0, 0, -6, -16, -67
"c:\Users\Administrator\open-webui\backend\open_webui\main.py", "Python", 0, 0, 0, 0, 0, 0, 0, 0, -1061, 0, 0, 0, -97, -227, -1385
"c:\Users\Administrator\open-webui\backend\open_webui\migrations\env.py", "Python", 0, 0, 0, 0, 0, 0, 0, 0, -48, 0, 0, 0, -12, -22, -82
"c:\Users\Administrator\open-webui\backend\open_webui\migrations\util.py", "Python", 0, 0, 0, 0, 0, 0, 0, 0, -10, 0, 0, 0, 0, -6, -16
"c:\Users\Administrator\open-webui\backend\open_webui\migrations\versions\1af9b942657b_migrate_tags.py", "Python", 0, 0, 0, 0, 0, 0, 0, 0, -103, 0, 0, 0, -20, -29, -152
"c:\Users\Administrator\open-webui\backend\open_webui\migrations\versions\242a2047eae0_update_chat_table.py", "Python", 0, 0, 0, 0, 0, 0, 0, 0, -73, 0, 0, 0, -11, -24, -108
"c:\Users\Administrator\open-webui\backend\open_webui\migrations\versions\3781e22d8b01_update_message_table.py", "Python", 0, 0, 0, 0, 0, 0, 0, 0, -56, 0, 0, 0, -3, -12, -71
"c:\Users\Administrator\open-webui\backend\open_webui\migrations\versions\3ab32c4b8f59_update_tags.py", "Python", 0, 0, 0, 0, 0, 0, 0, 0, -54, 0, 0, 0, -8, -20, -82
"c:\Users\Administrator\open-webui\backend\open_webui\migrations\versions\4ace53fd72c8_update_folder_table_datetime.py", "Python", 0, 0, 0, 0, 0, 0, 0, 0, -52, 0, 0, 0, -5, -11, -68
"c:\Users\Administrator\open-webui\backend\open_webui\migrations\versions\57c599a3cb57_add_channel_table.py", "Python", 0, 0, 0, 0, 0, 0, 0, 0, -38, 0, 0, 0, 0, -11, -49
"c:\Users\Administrator\open-webui\backend\open_webui\migrations\versions\6a39f3d8e55c_add_knowledge_table.py", "Python", 0, 0, 0, 0, 0, 0, 0, 0, -64, 0, 0, 0, -4, -13, -81
"c:\Users\Administrator\open-webui\backend\open_webui\migrations\versions\7826ab40b532_update_file_table.py", "Python", 0, 0, 0, 0, 0, 0, 0, 0, -18, 0, 0, 0, 0, -9, -27
"c:\Users\Administrator\open-webui\backend\open_webui\migrations\versions\7e5b5dc7342b_init.py", "Python", 0, 0, 0, 0, 0, 0, 0, 0, -177, 0, 0, 0, -5, -23, -205
"c:\Users\Administrator\open-webui\backend\open_webui\migrations\versions\922e7a387820_add_group_table.py", "Python", 0, 0, 0, 0, 0, 0, 0, 0, -57, 0, 0, 0, -10, -19, -86
"c:\Users\Administrator\open-webui\backend\open_webui\migrations\versions\af906e964978_add_feedback_table.py", "Python", 0, 0, 0, 0, 0, 0, 0, 0, -40, 0, 0, 0, -3, -9, -52
"c:\Users\Administrator\open-webui\backend\open_webui\migrations\versions\c0fbf31ca0db_update_file_table.py", "Python", 0, 0, 0, 0, 0, 0, 0, 0, -20, 0, 0, 0, -3, -10, -33
"c:\Users\Administrator\open-webui\backend\open_webui\migrations\versions\c29facfe716b_update_file_table_path.py", "Python", 0, 0, 0, 0, 0, 0, 0, 0, -48, 0, 0, 0, -14, -18, -80
"c:\Users\Administrator\open-webui\backend\open_webui\migrations\versions\c69f45358db4_add_folder_table.py", "Python", 0, 0, 0, 0, 0, 0, 0, 0, -40, 0, 0, 0, 0, -11, -51
"c:\Users\Administrator\open-webui\backend\open_webui\migrations\versions\ca81bd47c050_add_config_table.py", "Python", 0, 0, 0, 0, 0, 0, 0, 0, -31, 0, 0, 0, -1, -10, -42
"c:\Users\Administrator\open-webui\backend\open_webui\models\auths.py", "Python", 0, 0, 0, 0, 0, 0, 0, 0, -148, 0, 0, 0, -8, -51, -207
"c:\Users\Administrator\open-webui\backend\open_webui\models\channels.py", "Python", 0, 0, 0, 0, 0, 0, 0, 0, -98, 0, 0, 0, -6, -33, -137
"c:\Users\Administrator\open-webui\backend\open_webui\models\chats.py", "Python", 0, 0, 0, 0, 0, 0, 0, 0, -733, 0, 0, 0, -30, -150, -913
"c:\Users\Administrator\open-webui\backend\open_webui\models\feedbacks.py", "Python", 0, 0, 0, 0, 0, 0, 0, 0, -205, 0, 0, 0, -6, -44, -255
"c:\Users\Administrator\open-webui\backend\open_webui\models\files.py", "Python", 0, 0, 0, 0, 0, 0, 0, 0, -179, 0, 0, 0, -6, -51, -236
"c:\Users\Administrator\open-webui\backend\open_webui\models\folders.py", "Python", 0, 0, 0, 0, 0, 0, 0, 0, -210, 0, 0, 0, -9, -53, -272
"c:\Users\Administrator\open-webui\backend\open_webui\models\functions.py", "Python", 0, 0, 0, 0, 0, 0, 0, 0, -222, 0, 0, 0, -9, -44, -275
"c:\Users\Administrator\open-webui\backend\open_webui\models\groups.py", "Python", 0, 0, 0, 0, 0, 0, 0, 0, -160, 0, 0, 0, -6, -46, -212
"c:\Users\Administrator\open-webui\backend\open_webui\models\knowledge.py", "Python", 0, 0, 0, 0, 0, 0, 0, 0, -156, 0, 0, 0, -21, -45, -222
"c:\Users\Administrator\open-webui\backend\open_webui\models\memories.py", "Python", 0, 0, 0, 0, 0, 0, 0, 0, -105, 0, 0, 0, -6, -27, -138
"c:\Users\Administrator\open-webui\backend\open_webui\models\messages.py", "Python", 0, 0, 0, 0, 0, 0, 0, 0, -214, 0, 0, 0, -8, -58, -280
"c:\Users\Administrator\open-webui\backend\open_webui\models\models.py", "Python", 0, 0, 0, 0, 0, 0, 0, 0, -187, 0, 0, 0, -24, -63, -274
"c:\Users\Administrator\open-webui\backend\open_webui\models\prompts.py", "Python", 0, 0, 0, 0, 0, 0, 0, 0, -107, 0, 0, 0, -21, -32, -160
"c:\Users\Administrator\open-webui\backend\open_webui\models\tags.py", "Python", 0, 0, 0, 0, 0, 0, 0, 0, -81, 0, 0, 0, -7, -22, -110
"c:\Users\Administrator\open-webui\backend\open_webui\models\tools.py", "Python", 0, 0, 0, 0, 0, 0, 0, 0, -187, 0, 0, 0, -24, -52, -263
"c:\Users\Administrator\open-webui\backend\open_webui\models\users.py", "Python", 0, 0, 0, 0, 0, 0, 0, 0, -256, 0, 0, 0, -10, -69, -335
"c:\Users\Administrator\open-webui\backend\open_webui\retrieval\loaders\main.py", "Python", 0, 0, 0, 0, 0, 0, 0, 0, -195, 0, 0, 0, 0, -21, -216
"c:\Users\Administrator\open-webui\backend\open_webui\retrieval\loaders\youtube.py", "Python", 0, 0, 0, 0, 0, 0, 0, 0, -96, 0, 0, 0, -1, -21, -118
"c:\Users\Administrator\open-webui\backend\open_webui\retrieval\models\colbert.py", "Python", 0, 0, 0, 0, 0, 0, 0, 0, -56, 0, 0, 0, -12, -20, -88
"c:\Users\Administrator\open-webui\backend\open_webui\retrieval\utils.py", "Python", 0, 0, 0, 0, 0, 0, 0, 0, -574, 0, 0, 0, -18, -108, -700
"c:\Users\Administrator\open-webui\backend\open_webui\retrieval\vector\connector.py", "Python", 0, 0, 0, 0, 0, 0, 0, 0, -16, 0, 0, 0, 0, -7, -23
"c:\Users\Administrator\open-webui\backend\open_webui\retrieval\vector\dbs\chroma.py", "Python", 0, 0, 0, 0, 0, 0, 0, 0, -148, 0, 0, 0, -9, -22, -179
"c:\Users\Administrator\open-webui\backend\open_webui\retrieval\vector\dbs\milvus.py", "Python", 0, 0, 0, 0, 0, 0, 0, 0, -245, 0, 0, 0, -13, -40, -298
"c:\Users\Administrator\open-webui\backend\open_webui\retrieval\vector\dbs\opensearch.py", "Python", 0, 0, 0, 0, 0, 0, 0, 0, -170, 0, 0, 0, -4, -33, -207
"c:\Users\Administrator\open-webui\backend\open_webui\retrieval\vector\dbs\pgvector.py", "Python", 0, 0, 0, 0, 0, 0, 0, 0, -338, 0, 0, 0, -16, -50, -404
"c:\Users\Administrator\open-webui\backend\open_webui\retrieval\vector\dbs\qdrant.py", "Python", 0, 0, 0, 0, 0, 0, 0, 0, -155, 0, 0, 0, -7, -28, -190
"c:\Users\Administrator\open-webui\backend\open_webui\retrieval\vector\main.py", "Python", 0, 0, 0, 0, 0, 0, 0, 0, -13, 0, 0, 0, 0, -7, -20
"c:\Users\Administrator\open-webui\backend\open_webui\retrieval\web\bing.py", "Python", 0, 0, 0, 0, 0, 0, 0, 0, -65, 0, 0, 0, 0, -9, -74
"c:\Users\Administrator\open-webui\backend\open_webui\retrieval\web\bocha.py", "Python", 0, 0, 0, 0, 0, 0, 0, 0, -55, 0, 0, 0, 0, -11, -66
"c:\Users\Administrator\open-webui\backend\open_webui\retrieval\web\brave.py", "Python", 0, 0, 0, 0, 0, 0, 0, 0, -34, 0, 0, 0, 0, -9, -43
"c:\Users\Administrator\open-webui\backend\open_webui\retrieval\web\duckduckgo.py", "Python", 0, 0, 0, 0, 0, 0, 0, 0, -34, 0, 0, 0, -5, -8, -47
"c:\Users\Administrator\open-webui\backend\open_webui\retrieval\web\exa.py", "Python", 0, 0, 0, 0, 0, 0, 0, 0, -63, 0, 0, 0, 0, -14, -77
"c:\Users\Administrator\open-webui\backend\open_webui\retrieval\web\google_pse.py", "Python", 0, 0, 0, 0, 0, 0, 0, 0, -60, 0, 0, 0, 0, -10, -70
"c:\Users\Administrator\open-webui\backend\open_webui\retrieval\web\jina_search.py", "Python", 0, 0, 0, 0, 0, 0, 0, 0, -38, 0, 0, 0, 0, -11, -49
"c:\Users\Administrator\open-webui\backend\open_webui\retrieval\web\kagi.py", "Python", 0, 0, 0, 0, 0, 0, 0, 0, -37, 0, 0, 0, 0, -12, -49
"c:\Users\Administrator\open-webui\backend\open_webui\retrieval\web\main.py", "Python", 0, 0, 0, 0, 0, 0, 0, 0, -20, 0, 0, 0, 0, -7, -27
"c:\Users\Administrator\open-webui\backend\open_webui\retrieval\web\mojeek.py", "Python", 0, 0, 0, 0, 0, 0, 0, 0, -33, 0, 0, 0, 0, -8, -41
"c:\Users\Administrator\open-webui\backend\open_webui\retrieval\web\searchapi.py", "Python", 0, 0, 0, 0, 0, 0, 0, 0, -38, 0, 0, 0, 0, -11, -49
"c:\Users\Administrator\open-webui\backend\open_webui\retrieval\web\searxng.py", "Python", 0, 0, 0, 0, 0, 0, 0, 0, -72, 0, 0, 0, -3, -17, -92
"c:\Users\Administrator\open-webui\backend\open_webui\retrieval\web\serpapi.py", "Python", 0, 0, 0, 0, 0, 0, 0, 0, -38, 0, 0, 0, 0, -11, -49
"c:\Users\Administrator\open-webui\backend\open_webui\retrieval\web\serper.py", "Python", 0, 0, 0, 0, 0, 0, 0, 0, -35, 0, 0, 0, 0, -9, -44
"c:\Users\Administrator\open-webui\backend\open_webui\retrieval\web\serply.py", "Python", 0, 0, 0, 0, 0, 0, 0, 0, -58, 0, 0, 0, 0, -12, -70
"c:\Users\Administrator\open-webui\backend\open_webui\retrieval\web\serpstack.py", "Python", 0, 0, 0, 0, 0, 0, 0, 0, -40, 0, 0, 0, 0, -9, -49
"c:\Users\Administrator\open-webui\backend\open_webui\retrieval\web\tavily.py", "Python", 0, 0, 0, 0, 0, 0, 0, 0, -34, 0, 0, 0, -1, -10, -45
"c:\Users\Administrator\open-webui\backend\open_webui\retrieval\web\testdata\bing.json", "JSON", 0, 0, 0, -58, 0, 0, 0, 0, 0, 0, 0, 0, 0, -1, -59
"c:\Users\Administrator\open-webui\backend\open_webui\retrieval\web\testdata\brave.json", "JSON", 0, 0, 0, -998, 0, 0, 0, 0, 0, 0, 0, 0, 0, -1, -999
"c:\Users\Administrator\open-webui\backend\open_webui\retrieval\web\testdata\google_pse.json", "JSON", 0, 0, 0, -442, 0, 0, 0, 0, 0, 0, 0, 0, 0, -1, -443
"c:\Users\Administrator\open-webui\backend\open_webui\retrieval\web\testdata\searchapi.json", "JSON", 0, 0, 0, -357, 0, 0, 0, 0, 0, 0, 0, 0, 0, -1, -358
"c:\Users\Administrator\open-webui\backend\open_webui\retrieval\web\testdata\searxng.json", "JSON", 0, 0, 0, -476, 0, 0, 0, 0, 0, 0, 0, 0, 0, -1, -477
"c:\Users\Administrator\open-webui\backend\open_webui\retrieval\web\testdata\serper.json", "JSON", 0, 0, 0, -190, 0, 0, 0, 0, 0, 0, 0, 0, 0, -1, -191
"c:\Users\Administrator\open-webui\backend\open_webui\retrieval\web\testdata\serply.json", "JSON", 0, 0, 0, -206, 0, 0, 0, 0, 0, 0, 0, 0, 0, -1, -207
"c:\Users\Administrator\open-webui\backend\open_webui\retrieval\web\testdata\serpstack.json", "JSON", 0, 0, 0, -276, 0, 0, 0, 0, 0, 0, 0, 0, 0, -1, -277
"c:\Users\Administrator\open-webui\backend\open_webui\retrieval\web\utils.py", "Python", 0, 0, 0, 0, 0, 0, 0, 0, -459, 0, 0, 0, -13, -67, -539
"c:\Users\Administrator\open-webui\backend\open_webui\routers\audio.py", "Python", 0, 0, 0, 0, 0, 0, 0, 0, -663, 0, 0, 0, -27, -139, -829
"c:\Users\Administrator\open-webui\backend\open_webui\routers\auths.py", "Python", 0, 0, 0, 0, 0, 0, 0, 0, -676, 0, 0, 0, -39, -136, -851
"c:\Users\Administrator\open-webui\backend\open_webui\routers\channels.py", "Python", 0, 0, 0, 0, 0, 0, 0, 0, -547, 0, 0, 0, -41, -125, -713
"c:\Users\Administrator\open-webui\backend\open_webui\routers\chats.py", "Python", 0, 0, 0, 0, 0, 0, 0, 0, -432, 0, 0, 0, -95, -172, -699
"c:\Users\Administrator\open-webui\backend\open_webui\routers\configs.py", "Python", 0, 0, 0, 0, 0, 0, 0, 0, -174, 0, 0, 0, -18, -55, -247
"c:\Users\Administrator\open-webui\backend\open_webui\routers\evaluations.py", "Python", 0, 0, 0, 0, 0, 0, 0, 0, -113, 0, 0, 0, -6, -41, -160
"c:\Users\Administrator\open-webui\backend\open_webui\routers\files.py", "Python", 0, 0, 0, 0, 0, 0, 0, 0, -295, 0, 0, 0, -33, -65, -393
"c:\Users\Administrator\open-webui\backend\open_webui\routers\folders.py", "Python", 0, 0, 0, 0, 0, 0, 0, 0, -181, 0, 0, 0, -21, -50, -252
"c:\Users\Administrator\open-webui\backend\open_webui\routers\functions.py", "Python", 0, 0, 0, 0, 0, 0, 0, 0, -296, 0, 0, 0, -36, -80, -412
"c:\Users\Administrator\open-webui\backend\open_webui\routers\groups.py", "Python", 0, 0, 0, 0, 0, 0, 0, 0, -90, 0, 0, 0, -15, -27, -132
"c:\Users\Administrator\open-webui\backend\open_webui\routers\images.py", "Python", 0, 0, 0, 0, 0, 0, 0, 0, -573, 0, 0, 0, -4, -96, -673
"c:\Users\Administrator\open-webui\backend\open_webui\routers\knowledge.py", "Python", 0, 0, 0, 0, 0, 0, 0, 0, -501, 0, 0, 0, -49, -119, -669
"c:\Users\Administrator\open-webui\backend\open_webui\routers\memories.py", "Python", 0, 0, 0, 0, 0, 0, 0, 0, -122, 0, 0, 0, -21, -50, -193
"c:\Users\Administrator\open-webui\backend\open_webui\routers\models.py", "Python", 0, 0, 0, 0, 0, 0, 0, 0, -138, 0, 0, 0, -22, -44, -204
"c:\Users\Administrator\open-webui\backend\open_webui\routers\ollama.py", "Python", 0, 0, 0, 0, 0, 0, 0, 0, -1320, 0, 0, 0, -38, -277, -1635
"c:\Users\Administrator\open-webui\backend\open_webui\routers\openai.py", "Python", 0, 0, 0, 0, 0, 0, 0, 0, -666, 0, 0, 0, -39, -122, -827
"c:\Users\Administrator\open-webui\backend\open_webui\routers\pipelines.py", "Python", 0, 0, 0, 0, 0, 0, 0, 0, -387, 0, 0, 0, -20, -94, -501
"c:\Users\Administrator\open-webui\backend\open_webui\routers\prompts.py", "Python", 0, 0, 0, 0, 0, 0, 0, 0, -113, 0, 0, 0, -16, -33, -162
"c:\Users\Administrator\open-webui\backend\open_webui\routers\retrieval.py", "Python", 0, 0, 0, 0, 0, 0, 0, 0, -1461, 0, 0, 0, -41, -218, -1720
"c:\Users\Administrator\open-webui\backend\open_webui\routers\tasks.py", "Python", 0, 0, 0, 0, 0, 0, 0, 0, -568, 0, 0, 0, -27, -105, -700
"c:\Users\Administrator\open-webui\backend\open_webui\routers\tools.py", "Python", 0, 0, 0, 0, 0, 0, 0, 0, -330, 0, 0, 0, -34, -80, -444
"c:\Users\Administrator\open-webui\backend\open_webui\routers\users.py", "Python", 0, 0, 0, 0, 0, 0, 0, 0, -214, 0, 0, 0, -38, -76, -328
"c:\Users\Administrator\open-webui\backend\open_webui\routers\utils.py", "Python", 0, 0, 0, 0, 0, 0, 0, 0, -106, 0, 0, 0, 0, -30, -136
"c:\Users\Administrator\open-webui\backend\open_webui\socket\main.py", "Python", 0, 0, 0, 0, 0, 0, 0, 0, -276, 0, 0, 0, -13, -82, -371
"c:\Users\Administrator\open-webui\backend\open_webui\socket\utils.py", "Python", 0, 0, 0, 0, 0, 0, 0, 0, -66, 0, 0, 0, -2, -20, -88
"c:\Users\Administrator\open-webui\backend\open_webui\static\assets\pdf-style.css", "CSS", -245, 0, 0, 0, 0, 0, 0, 0, 0, 0, 0, 0, -25, -50, -320
"c:\Users\Administrator\open-webui\backend\open_webui\static\loader.js", "JavaScript", 0, 0, 0, 0, 0, 0, 0, 0, 0, 0, 0, 0, 0, -1, -1
"c:\Users\Administrator\open-webui\backend\open_webui\static\swagger-ui\swagger-ui-bundle.js", "JavaScript", 0, 0, 0, 0, -72237, 0, 0, 0, 0, 0, 0, 0, -1, -61, -72299
"c:\Users\Administrator\open-webui\backend\open_webui\static\swagger-ui\swagger-ui.css", "CSS", -9310, 0, 0, 0, 0, 0, 0, 0, 0, 0, 0, 0, 0, -1, -9311
"c:\Users\Administrator\open-webui\backend\open_webui\storage\provider.py", "Python", 0, 0, 0, 0, 0, 0, 0, 0, -264, 0, 0, 0, -14, -50, -328
"c:\Users\Administrator\open-webui\backend\open_webui\tasks.py", "Python", 0, 0, 0, 0, 0, 0, 0, 0, -42, 0, 0, 0, -4, -16, -62
"c:\Users\Administrator\open-webui\backend\open_webui\test\__init__.py", "Python", 0, 0, 0, 0, 0, 0, 0, 0, 0, 0, 0, 0, 0, -1, -1
"c:\Users\Administrator\open-webui\backend\open_webui\test\apps\webui\routers\test_auths.py", "Python", 0, 0, 0, 0, 0, 0, 0, 0, -179, 0, 0, 0, 0, -22, -201
"c:\Users\Administrator\open-webui\backend\open_webui\test\apps\webui\routers\test_chats.py", "Python", 0, 0, 0, 0, 0, 0, 0, 0, -208, 0, 0, 0, 0, -29, -237
"c:\Users\Administrator\open-webui\backend\open_webui\test\apps\webui\routers\test_models.py", "Python", 0, 0, 0, 0, 0, 0, 0, 0, -51, 0, 0, 0, 0, -11, -62
"c:\Users\Administrator\open-webui\backend\open_webui\test\apps\webui\routers\test_prompts.py", "Python", 0, 0, 0, 0, 0, 0, 0, 0, -73, 0, 0, 0, -8, -11, -92
"c:\Users\Administrator\open-webui\backend\open_webui\test\apps\webui\routers\test_users.py", "Python", 0, 0, 0, 0, 0, 0, 0, 0, -130, 0, 0, 0, -14, -24, -168
"c:\Users\Administrator\open-webui\backend\open_webui\test\apps\webui\storage\test_provider.py", "Python", 0, 0, 0, 0, 0, 0, 0, 0, -339, 0, 0, 0, -23, -63, -425
"c:\Users\Administrator\open-webui\backend\open_webui\test\util\abstract_integration_test.py", "Python", 0, 0, 0, 0, 0, 0, 0, 0, -131, 0, 0, 0, -3, -28, -162
"c:\Users\Administrator\open-webui\backend\open_webui\test\util\mock_user.py", "Python", 0, 0, 0, 0, 0, 0, 0, 0, -37, 0, 0, 0, 0, -9, -46
"c:\Users\Administrator\open-webui\backend\open_webui\utils\access_control.py", "Python", 0, 0, 0, 0, 0, 0, 0, 0, -109, 0, 0, 0, -6, -33, -148
"c:\Users\Administrator\open-webui\backend\open_webui\utils\audit.py", "Python", 0, 0, 0, 0, 0, 0, 0, 0, -196, 0, 0, 0, -4, -50, -250
"c:\Users\Administrator\open-webui\backend\open_webui\utils\auth.py", "Python", 0, 0, 0, 0, 0, 0, 0, 0, -179, 0, 0, 0, -9, -60, -248
"c:\Users\Administrator\open-webui\backend\open_webui\utils\chat.py", "Python", 0, 0, 0, 0, 0, 0, 0, 0, -360, 0, 0, 0, -11, -77, -448
"c:\Users\Administrator\open-webui\backend\open_webui\utils\code_interpreter.py", "Python", 0, 0, 0, 0, 0, 0, 0, 0, -127, 0, 0, 0, -2, -20, -149
"c:\Users\Administrator\open-webui\backend\open_webui\utils\filter.py", "Python", 0, 0, 0, 0, 0, 0, 0, 0, -80, 0, 0, 0, -8, -23, -111
"c:\Users\Administrator\open-webui\backend\open_webui\utils\images\comfyui.py", "Python", 0, 0, 0, 0, 0, 0, 0, 0, -163, 0, 0, 0, 0, -31, -194
"c:\Users\Administrator\open-webui\backend\open_webui\utils\logger.py", "Python", 0, 0, 0, 0, 0, 0, 0, 0, -115, 0, 0, 0, 0, -26, -141
"c:\Users\Administrator\open-webui\backend\open_webui\utils\middleware.py", "Python", 0, 0, 0, 0, 0, 0, 0, 0, -1676, 0, 0, 0, -51, -319, -2046
"c:\Users\Administrator\open-webui\backend\open_webui\utils\misc.py", "Python", 0, 0, 0, 0, 0, 0, 0, 0, -317, 0, 0, 0, -29, -107, -453
"c:\Users\Administrator\open-webui\backend\open_webui\utils\models.py", "Python", 0, 0, 0, 0, 0, 0, 0, 0, -205, 0, 0, 0, -4, -38, -247
"c:\Users\Administrator\open-webui\backend\open_webui\utils\oauth.py", "Python", 0, 0, 0, 0, 0, 0, 0, 0, -355, 0, 0, 0, -31, -45, -431
"c:\Users\Administrator\open-webui\backend\open_webui\utils\payload.py", "Python", 0, 0, 0, 0, 0, 0, 0, 0, -169, 0, 0, 0, -27, -47, -243
"c:\Users\Administrator\open-webui\backend\open_webui\utils\pdf_generator.py", "Python", 0, 0, 0, 0, 0, 0, 0, 0, -108, 0, 0, 0, -10, -29, -147
"c:\Users\Administrator\open-webui\backend\open_webui\utils\plugin.py", "Python", 0, 0, 0, 0, 0, 0, 0, 0, -136, 0, 0, 0, -10, -35, -181
"c:\Users\Administrator\open-webui\backend\open_webui\utils\response.py", "Python", 0, 0, 0, 0, 0, 0, 0, 0, -108, 0, 0, 0, 0, -20, -128
"c:\Users\Administrator\open-webui\backend\open_webui\utils\security_headers.py", "Python", 0, 0, 0, 0, 0, 0, 0, 0, -95, 0, 0, 0, -9, -30, -134
"c:\Users\Administrator\open-webui\backend\open_webui\utils\task.py", "Python", 0, 0, 0, 0, 0, 0, 0, 0, -261, 0, 0, 0, -13, -66, -340
"c:\Users\Administrator\open-webui\backend\open_webui\utils\tools.py", "Python", 0, 0, 0, 0, 0, 0, 0, 0, -155, 0, 0, 0, -8, -53, -216
"c:\Users\Administrator\open-webui\backend\open_webui\utils\webhook.py", "Python", 0, 0, 0, 0, 0, 0, 0, 0, -50, 0, 0, 0, -4, -7, -61
"c:\Users\Administrator\open-webui\backend\requirements.txt", "pip requirements", 0, 0, 0, 0, 0, 0, -88, 0, 0, 0, 0, 0, -5, -26, -119
"c:\Users\Administrator\open-webui\backend\start.sh", "Shell Script", 0, 0, 0, 0, 0, 0, 0, -52, 0, 0, 0, 0, -4, -13, -69
"c:\Users\Administrator\open-webui\backend\start_windows.bat", "Batch", 0, 0, 0, 0, 0, 0, 0, 0, 0, -30, 0, 0, -6, -9, -45
"c:\Users\Administrator\open-webui\src\app.css", "CSS", 298, 0, 0, 0, 0, 0, 0, 0, 0, 0, 0, 0, 7, 70, 375
"c:\Users\Administrator\open-webui\src\app.d.ts", "TypeScript", 0, 0, 5, 0, 0, 0, 0, 0, 0, 0, 0, 0, 6, 2, 13
"c:\Users\Administrator\open-webui\src\app.html", "HTML", 0, 0, 0, 0, 0, 199, 0, 0, 0, 0, 0, 0, 3, 34, 236
"c:\Users\Administrator\open-webui\src\lib\apis\audio\index.ts", "TypeScript", 0, 0, 164, 0, 0, 0, 0, 0, 0, 0, 0, 0, 0, 30, 194
"c:\Users\Administrator\open-webui\src\lib\apis\auths\index.ts", "TypeScript", 0, 0, 603, 0, 0, 0, 0, 0, 0, 0, 0, 0, 0, 92, 695
"c:\Users\Administrator\open-webui\src\lib\apis\channels\index.ts", "TypeScript", 0, 0, 392, 0, 0, 0, 0, 0, 0, 0, 0, 0, 0, 51, 443
"c:\Users\Administrator\open-webui\src\lib\apis\chats\index.ts", "TypeScript", 0, 0, 908, 0, 0, 0, 0, 0, 0, 0, 0, 0, 0, 147, 1055
"c:\Users\Administrator\open-webui\src\lib\apis\configs\index.ts", "TypeScript", 0, 0, 273, 0, 0, 0, 0, 0, 0, 0, 0, 0, 0, 45, 318
"c:\Users\Administrator\open-webui\src\lib\apis\evaluations\index.ts", "TypeScript", 0, 0, 214, 0, 0, 0, 0, 0, 0, 0, 0, 0, 0, 33, 247
"c:\Users\Administrator\open-webui\src\lib\apis\files\index.ts", "TypeScript", 0, 0, 210, 0, 0, 0, 0, 0, 0, 0, 0, 0, 0, 34, 244
"c:\Users\Administrator\open-webui\src\lib\apis\folders\index.ts", "TypeScript", 0, 0, 236, 0, 0, 0, 0, 0, 0, 0, 0, 0, 0, 34, 270
"c:\Users\Administrator\open-webui\src\lib\apis\functions\index.ts", "TypeScript", 0, 0, 388, 0, 0, 0, 0, 0, 0, 0, 0, 0, 0, 68, 456
"c:\Users\Administrator\open-webui\src\lib\apis\groups\index.ts", "TypeScript", 0, 0, 139, 0, 0, 0, 0, 0, 0, 0, 0, 0, 0, 24, 163
"c:\Users\Administrator\open-webui\src\lib\apis\images\index.ts", "TypeScript", 0, 0, 204, 0, 0, 0, 0, 0, 0, 0, 0, 0, 0, 29, 233
"c:\Users\Administrator\open-webui\src\lib\apis\index.ts", "TypeScript", 0, 0, 1077, 0, 0, 0, 0, 0, 0, 0, 0, 0, 20, 170, 1267
"c:\Users\Administrator\open-webui\src\lib\apis\knowledge\index.ts", "TypeScript", 0, 0, 299, 0, 0, 0, 0, 0, 0, 0, 0, 0, 0, 49, 348
"c:\Users\Administrator\open-webui\src\lib\apis\memories\index.ts", "TypeScript", 0, 0, 160, 0, 0, 0, 0, 0, 0, 0, 0, 0, 0, 27, 187
"c:\Users\Administrator\open-webui\src\lib\apis\models\index.ts", "TypeScript", 0, 0, 224, 0, 0, 0, 0, 0, 0, 0, 0, 0, 0, 42, 266
"c:\Users\Administrator\open-webui\src\lib\apis\ollama\index.ts", "TypeScript", 0, 0, 457, 0, 0, 0, 0, 0, 0, 0, 0, 0, 12, 73, 542
"c:\Users\Administrator\open-webui\src\lib\apis\openai\index.ts", "TypeScript", 0, 0, 371, 0, 0, 0, 0, 0, 0, 0, 0, 0, 0, 52, 423
"c:\Users\Administrator\open-webui\src\lib\apis\prompts\index.ts", "TypeScript", 0, 0, 175, 0, 0, 0, 0, 0, 0, 0, 0, 0, 0, 30, 205
"c:\Users\Administrator\open-webui\src\lib\apis\retrieval\index.ts", "TypeScript", 0, 0, 498, 0, 0, 0, 0, 0, 0, 0, 0, 0, 0, 79, 577
"c:\Users\Administrator\open-webui\src\lib\apis\streaming\index.ts", "TypeScript", 0, 0, 116, 0, 0, 0, 0, 0, 0, 0, 0, 0, 12, 15, 143
"c:\Users\Administrator\open-webui\src\lib\apis\tools\index.ts", "TypeScript", 0, 0, 361, 0, 0, 0, 0, 0, 0, 0, 0, 0, 0, 62, 423
"c:\Users\Administrator\open-webui\src\lib\apis\users\index.ts", "TypeScript", 0, 0, 316, 0, 0, 0, 0, 0, 0, 0, 0, 0, 0, 50, 366
"c:\Users\Administrator\open-webui\src\lib\apis\utils\index.ts", "TypeScript", 0, 0, 192, 0, 0, 0, 0, 0, 0, 0, 0, 0, 0, 26, 218
"c:\Users\Administrator\open-webui\src\lib\components\AddConnectionModal.svelte", "Svelte", 0, 325, 0, 0, 0, 0, 0, 0, 0, 0, 0, 0, 0, 45, 370
"c:\Users\Administrator\open-webui\src\lib\components\AddFilesPlaceholder.svelte", "Svelte", 0, 25, 0, 0, 0, 0, 0, 0, 0, 0, 0, 0, 0, 4, 29
"c:\Users\Administrator\open-webui\src\lib\components\ChangelogModal.svelte", "Svelte", 0, 108, 0, 0, 0, 0, 0, 0, 0, 0, 0, 0, 0, 13, 121
"c:\Users\Administrator\open-webui\src\lib\components\NotificationToast.svelte", "Svelte", 0, 44, 0, 0, 0, 0, 0, 0, 0, 0, 0, 0, 0, 10, 54
"c:\Users\Administrator\open-webui\src\lib\components\OnBoarding.svelte", "Svelte", 0, 66, 0, 0, 0, 0, 0, 0, 0, 0, 0, 0, 1, 12, 79
"c:\Users\Administrator\open-webui\src\lib\components\admin\Evaluations.svelte", "Svelte", 0, 90, 0, 0, 0, 0, 0, 0, 0, 0, 0, 0, 0, 11, 101
"c:\Users\Administrator\open-webui\src\lib\components\admin\Evaluations\FeedbackMenu.svelte", "Svelte", 0, 40, 0, 0, 0, 0, 0, 0, 0, 0, 0, 0, 0, 7, 47
"c:\Users\Administrator\open-webui\src\lib\components\admin\Evaluations\Feedbacks.svelte", "Svelte", 0, 249, 0, 0, 0, 0, 0, 0, 0, 0, 0, 0, 1, 36, 286
"c:\Users\Administrator\open-webui\src\lib\components\admin\Evaluations\Leaderboard.svelte", "Svelte", 0, 355, 0, 0, 0, 0, 0, 0, 0, 0, 0, 0, 0, 60, 415
"c:\Users\Administrator\open-webui\src\lib\components\admin\Functions.svelte", "Svelte", 0, 501, 0, 0, 0, 0, 0, 0, 0, 0, 0, 0, 5, 63, 569
"c:\Users\Administrator\open-webui\src\lib\components\admin\Functions\FunctionEditor.svelte", "Svelte", 0, 364, 0, 0, 0, 0, 0, 0, 0, 0, 0, 0, 0, 68, 432
"c:\Users\Administrator\open-webui\src\lib\components\admin\Functions\FunctionMenu.svelte", "Svelte", 0, 118, 0, 0, 0, 0, 0, 0, 0, 0, 0, 0, 0, 21, 139
"c:\Users\Administrator\open-webui\src\lib\components\admin\Settings.svelte", "Svelte", 0, 411, 0, 0, 0, 0, 0, 0, 0, 0, 0, 0, 0, 25, 436
"c:\Users\Administrator\open-webui\src\lib\components\admin\Settings\Audio.svelte", "Svelte", 0, 582, 0, 0, 0, 0, 0, 0, 0, 0, 0, 0, 0, 59, 641
"c:\Users\Administrator\open-webui\src\lib\components\admin\Settings\CodeExecution.svelte", "Svelte", 0, 281, 0, 0, 0, 0, 0, 0, 0, 0, 0, 0, 0, 37, 318
"c:\Users\Administrator\open-webui\src\lib\components\admin\Settings\Connections.svelte", "Svelte", 0, 345, 0, 0, 0, 0, 0, 0, 0, 0, 0, 0, 0, 60, 405
"c:\Users\Administrator\open-webui\src\lib\components\admin\Settings\Connections\ManageOllamaModal.svelte", "Svelte", 0, 42, 0, 0, 0, 0, 0, 0, 0, 0, 0, 0, 0, 5, 47
"c:\Users\Administrator\open-webui\src\lib\components\admin\Settings\Connections\OllamaConnection.svelte", "Svelte", 0, 79, 0, 0, 0, 0, 0, 0, 0, 0, 0, 0, 0, 12, 91
"c:\Users\Administrator\open-webui\src\lib\components\admin\Settings\Connections\OpenAIConnection.svelte", "Svelte", 0, 97, 0, 0, 0, 0, 0, 0, 0, 0, 0, 0, 0, 12, 109
"c:\Users\Administrator\open-webui\src\lib\components\admin\Settings\Database.svelte", "Svelte", 0, 168, 0, 0, 0, 0, 0, 0, 0, 0, 0, 0, 10, 19, 197
"c:\Users\Administrator\open-webui\src\lib\components\admin\Settings\Documents.svelte", "Svelte", 0, 801, 0, 0, 0, 0, 0, 0, 0, 0, 0, 0, 0, 99, 900
"c:\Users\Administrator\open-webui\src\lib\components\admin\Settings\Evaluations.svelte", "Svelte", 0, 162, 0, 0, 0, 0, 0, 0, 0, 0, 0, 0, 0, 24, 186
"c:\Users\Administrator\open-webui\src\lib\components\admin\Settings\Evaluations\ArenaModelModal.svelte", "Svelte", 0, 379, 0, 0, 0, 0, 0, 0, 0, 0, 0, 0, 0, 53, 432
"c:\Users\Administrator\open-webui\src\lib\components\admin\Settings\Evaluations\Model.svelte", "Svelte", 0, 56, 0, 0, 0, 0, 0, 0, 0, 0, 0, 0, 0, 8, 64
"c:\Users\Administrator\open-webui\src\lib\components\admin\Settings\General.svelte", "Svelte", 0, 561, 0, 0, 0, 0, 0, 0, 0, 0, 0, 0, 6, 64, 631
"c:\Users\Administrator\open-webui\src\lib\components\admin\Settings\Images.svelte", "Svelte", 0, 665, 0, 0, 0, 0, 0, 0, 0, 0, 0, 0, 3, 70, 738
"c:\Users\Administrator\open-webui\src\lib\components\admin\Settings\Interface.svelte", "Svelte", 0, 427, 0, 0, 0, 0, 0, 0, 0, 0, 0, 0, 0, 57, 484
"c:\Users\Administrator\open-webui\src\lib\components\admin\Settings\Models.svelte", "Svelte", 0, 389, 0, 0, 0, 0, 0, 0, 0, 0, 0, 0, 0, 42, 431
"c:\Users\Administrator\open-webui\src\lib\components\admin\Settings\Models\ConfigureModelsModal.svelte", "Svelte", 0, 278, 0, 0, 0, 0, 0, 0, 0, 0, 0, 0, 2, 38, 318
"c:\Users\Administrator\open-webui\src\lib\components\admin\Settings\Models\ManageModelsModal.svelte", "Svelte", 0, 90, 0, 0, 0, 0, 0, 0, 0, 0, 0, 0, 8, 13, 111
"c:\Users\Administrator\open-webui\src\lib\components\admin\Settings\Models\Manage\ManageMultipleOllama.svelte", "Svelte", 0, 21, 0, 0, 0, 0, 0, 0, 0, 0, 0, 0, 0, 6, 27
"c:\Users\Administrator\open-webui\src\lib\components\admin\Settings\Models\Manage\ManageOllama.svelte", "Svelte", 0, 954, 0, 0, 0, 0, 0, 0, 0, 0, 0, 0, 0, 109, 1063
"c:\Users\Administrator\open-webui\src\lib\components\admin\Settings\Models\ModelList.svelte", "Svelte", 0, 57, 0, 0, 0, 0, 0, 0, 0, 0, 0, 0, 0, 12, 69
"c:\Users\Administrator\open-webui\src\lib\components\admin\Settings\Pipelines.svelte", "Svelte", 0, 525, 0, 0, 0, 0, 0, 0, 0, 0, 0, 0, 1, 54, 580
"c:\Users\Administrator\open-webui\src\lib\components\admin\Settings\WebSearch.svelte", "Svelte", 0, 483, 0, 0, 0, 0, 0, 0, 0, 0, 0, 0, 0, 50, 533
"c:\Users\Administrator\open-webui\src\lib\components\admin\Users.svelte", "Svelte", 0, 96, 0, 0, 0, 0, 0, 0, 0, 0, 0, 0, 0, 15, 111
"c:\Users\Administrator\open-webui\src\lib\components\admin\Users\Groups.svelte", "Svelte", 0, 209, 0, 0, 0, 0, 0, 0, 0, 0, 0, 0, 0, 35, 244
"c:\Users\Administrator\open-webui\src\lib\components\admin\Users\Groups\AddGroupModal.svelte", "Svelte", 0, 133, 0, 0, 0, 0, 0, 0, 0, 0, 0, 0, 0, 17, 150
"c:\Users\Administrator\open-webui\src\lib\components\admin\Users\Groups\Display.svelte", "Svelte", 0, 35, 0, 0, 0, 0, 0, 0, 0, 0, 0, 0, 19, 8, 62
"c:\Users\Administrator\open-webui\src\lib\components\admin\Users\Groups\EditGroupModal.svelte", "Svelte", 0, 248, 0, 0, 0, 0, 0, 0, 0, 0, 0, 0, 48, 27, 323
"c:\Users\Administrator\open-webui\src\lib\components\admin\Users\Groups\GroupItem.svelte", "Svelte", 0, 69, 0, 0, 0, 0, 0, 0, 0, 0, 0, 0, 0, 16, 85
"c:\Users\Administrator\open-webui\src\lib\components\admin\Users\Groups\Permissions.svelte", "Svelte", 0, 137, 0, 0, 0, 0, 0, 0, 0, 0, 0, 0, 101, 33, 271
"c:\Users\Administrator\open-webui\src\lib\components\admin\Users\Groups\Users.svelte", "Svelte", 0, 107, 0, 0, 0, 0, 0, 0, 0, 0, 0, 0, 0, 16, 123
"c:\Users\Administrator\open-webui\src\lib\components\admin\Users\UserList.svelte", "Svelte", 0, 412, 0, 0, 0, 0, 0, 0, 0, 0, 0, 0, 0, 45, 457
"c:\Users\Administrator\open-webui\src\lib\components\admin\Users\UserList\AddUserModal.svelte", "Svelte", 0, 304, 0, 0, 0, 0, 0, 0, 0, 0, 0, 0, 0, 43, 347
"c:\Users\Administrator\open-webui\src\lib\components\admin\Users\UserList\EditUserModal.svelte", "Svelte", 0, 153, 0, 0, 0, 0, 0, 0, 0, 0, 0, 0, 0, 25, 178
"c:\Users\Administrator\open-webui\src\lib\components\admin\Users\UserList\UserChatsModal.svelte", "Svelte", 0, 169, 0, 0, 0, 0, 0, 0, 0, 0, 0, 0, 5, 15, 189
"c:\Users\Administrator\open-webui\src\lib\components\app\AppSidebar.svelte", "Svelte", 0, 53, 0, 0, 0, 0, 0, 0, 0, 0, 0, 0, 5, 8, 66
"c:\Users\Administrator\open-webui\src\lib\components\channel\Channel.svelte", "Svelte", 0, 257, 0, 0, 0, 0, 0, 0, 0, 0, 0, 0, 0, 46, 303
"c:\Users\Administrator\open-webui\src\lib\components\channel\MessageInput.svelte", "Svelte", 0, 537, 0, 0, 0, 0, 0, 0, 0, 0, 0, 0, 0, 65, 602
"c:\Users\Administrator\open-webui\src\lib\components\channel\MessageInput\InputMenu.svelte", "Svelte", 0, 66, 0, 0, 0, 0, 0, 0, 0, 0, 0, 0, 0, 12, 78
"c:\Users\Administrator\open-webui\src\lib\components\channel\Messages.svelte", "Svelte", 0, 169, 0, 0, 0, 0, 0, 0, 0, 0, 0, 0, 0, 26, 195
"c:\Users\Administrator\open-webui\src\lib\components\channel\Messages\Message.svelte", "Svelte", 0, 313, 0, 0, 0, 0, 0, 0, 0, 0, 0, 0, 2, 29, 344
"c:\Users\Administrator\open-webui\src\lib\components\channel\Messages\Message\ProfilePreview.svelte", "Svelte", 0, 75, 0, 0, 0, 0, 0, 0, 0, 0, 0, 0, 0, 11, 86
"c:\Users\Administrator\open-webui\src\lib\components\channel\Messages\Message\ReactionPicker.svelte", "Svelte", 0, 159, 0, 0, 0, 0, 0, 0, 0, 0, 0, 0, 3, 5, 167
"c:\Users\Administrator\open-webui\src\lib\components\channel\Navbar.svelte", "Svelte", 0, 77, 0, 0, 0, 0, 0, 0, 0, 0, 0, 0, 0, 10, 87
"c:\Users\Administrator\open-webui\src\lib\components\channel\Thread.svelte", "Svelte", 0, 171, 0, 0, 0, 0, 0, 0, 0, 0, 0, 0, 0, 34, 205
"c:\Users\Administrator\open-webui\src\lib\components\chat\Artifacts.svelte", "Svelte", 0, 288, 0, 0, 0, 0, 0, 0, 0, 0, 0, 0, 0, 35, 323
"c:\Users\Administrator\open-webui\src\lib\components\chat\Chat.svelte", "Svelte", 0, 1829, 0, 0, 0, 0, 0, 0, 0, 0, 0, 0, 1, 290, 2120
"c:\Users\Administrator\open-webui\src\lib\components\chat\ChatControls.svelte", "Svelte", 0, 247, 0, 0, 0, 0, 0, 0, 0, 0, 0, 0, 1, 35, 283
"c:\Users\Administrator\open-webui\src\lib\components\chat\ChatPlaceholder.svelte", "Svelte", 0, 125, 0, 0, 0, 0, 0, 0, 0, 0, 0, 0, 0, 16, 141
"c:\Users\Administrator\open-webui\src\lib\components\chat\ContentRenderer\FloatingButtons.svelte", "Svelte", 0, 298, 0, 0, 0, 0, 0, 0, 0, 0, 0, 0, 0, 42, 340
"c:\Users\Administrator\open-webui\src\lib\components\chat\Controls\Controls.svelte", "Svelte", 0, 87, 0, 0, 0, 0, 0, 0, 0, 0, 0, 0, 0, 13, 100
"c:\Users\Administrator\open-webui\src\lib\components\chat\Controls\Valves.svelte", "Svelte", 0, 182, 0, 0, 0, 0, 0, 0, 0, 0, 0, 0, 0, 32, 214
"c:\Users\Administrator\open-webui\src\lib\components\chat\MessageInput.svelte", "Svelte", 0, 1230, 0, 0, 0, 0, 0, 0, 0, 0, 0, 0, 0, 158, 1388
"c:\Users\Administrator\open-webui\src\lib\components\chat\MessageInput\CallOverlay.svelte", "Svelte", 0, 856, 0, 0, 0, 0, 0, 0, 0, 0, 0, 0, 1, 139, 996
"c:\Users\Administrator\open-webui\src\lib\components\chat\MessageInput\CallOverlay\VideoInputMenu.svelte", "Svelte", 0, 45, 0, 0, 0, 0, 0, 0, 0, 0, 0, 0, 0, 7, 52
"c:\Users\Administrator\open-webui\src\lib\components\chat\MessageInput\Commands.svelte", "Svelte", 0, 108, 0, 0, 0, 0, 0, 0, 0, 0, 0, 0, 0, 17, 125
"c:\Users\Administrator\open-webui\src\lib\components\chat\MessageInput\Commands\Knowledge.svelte", "Svelte", 0, 248, 0, 0, 0, 0, 0, 0, 0, 0, 0, 0, 41, 33, 322
"c:\Users\Administrator\open-webui\src\lib\components\chat\MessageInput\Commands\Models.svelte", "Svelte", 0, 92, 0, 0, 0, 0, 0, 0, 0, 0, 0, 0, 0, 15, 107
"c:\Users\Administrator\open-webui\src\lib\components\chat\MessageInput\Commands\Prompts.svelte", "Svelte", 0, 177, 0, 0, 0, 0, 0, 0, 0, 0, 0, 0, 0, 31, 208
"c:\Users\Administrator\open-webui\src\lib\components\chat\MessageInput\FilesOverlay.svelte", "Svelte", 0, 32, 0, 0, 0, 0, 0, 0, 0, 0, 0, 0, 0, 4, 36
"c:\Users\Administrator\open-webui\src\lib\components\chat\MessageInput\InputMenu.svelte", "Svelte", 0, 296, 0, 0, 0, 0, 0, 0, 0, 0, 0, 0, 1, 27, 324
"c:\Users\Administrator\open-webui\src\lib\components\chat\MessageInput\VoiceRecording.svelte", "Svelte", 0, 437, 0, 0, 0, 0, 0, 0, 0, 0, 0, 0, 0, 82, 519
"c:\Users\Administrator\open-webui\src\lib\components\chat\Messages.svelte", "Svelte", 0, 359, 0, 0, 0, 0, 0, 0, 0, 0, 0, 0, 0, 77, 436
"c:\Users\Administrator\open-webui\src\lib\components\chat\Messages\Citations.svelte", "Svelte", 0, 187, 0, 0, 0, 0, 0, 0, 0, 0, 0, 0, 0, 20, 207
"c:\Users\Administrator\open-webui\src\lib\components\chat\Messages\CitationsModal.svelte", "Svelte", 0, 167, 0, 0, 0, 0, 0, 0, 0, 0, 0, 0, 0, 11, 178
"c:\Users\Administrator\open-webui\src\lib\components\chat\Messages\CodeBlock.svelte", "Svelte", 0, 448, 0, 0, 0, 0, 0, 0, 0, 0, 0, 0, 0, 75, 523
"c:\Users\Administrator\open-webui\src\lib\components\chat\Messages\CodeExecutionModal.svelte", "Svelte", 0, 112, 0, 0, 0, 0, 0, 0, 0, 0, 0, 0, 0, 7, 119
"c:\Users\Administrator\open-webui\src\lib\components\chat\Messages\CodeExecutions.svelte", "Svelte", 0, 72, 0, 0, 0, 0, 0, 0, 0, 0, 0, 0, 0, 9, 81
"c:\Users\Administrator\open-webui\src\lib\components\chat\Messages\ContentRenderer.svelte", "Svelte", 0, 151, 0, 0, 0, 0, 0, 0, 0, 0, 0, 0, 0, 32, 183
"c:\Users\Administrator\open-webui\src\lib\components\chat\Messages\Error.svelte", "Svelte", 0, 12, 0, 0, 0, 0, 0, 0, 0, 0, 0, 0, 0, 4, 16
"c:\Users\Administrator\open-webui\src\lib\components\chat\Messages\Markdown.svelte", "Svelte", 0, 45, 0, 0, 0, 0, 0, 0, 0, 0, 0, 0, 0, 12, 57
"c:\Users\Administrator\open-webui\src\lib\components\chat\Messages\Markdown\KatexRenderer.svelte", "Svelte", 0, 8, 0, 0, 0, 0, 0, 0, 0, 0, 0, 0, 0, 3, 11
"c:\Users\Administrator\open-webui\src\lib\components\chat\Messages\Markdown\MarkdownInlineTokens.svelte", "Svelte", 0, 71, 0, 0, 0, 0, 0, 0, 0, 0, 0, 0, 2, 7, 80
"c:\Users\Administrator\open-webui\src\lib\components\chat\Messages\Markdown\MarkdownTokens.svelte", "Svelte", 0, 291, 0, 0, 0, 0, 0, 0, 0, 0, 0, 0, 1, 23, 315
"c:\Users\Administrator\open-webui\src\lib\components\chat\Messages\Markdown\Source.svelte", "Svelte", 0, 41, 0, 0, 0, 0, 0, 0, 0, 0, 0, 0, 0, 10, 51
"c:\Users\Administrator\open-webui\src\lib\components\chat\Messages\Message.svelte", "Svelte", 0, 98, 0, 0, 0, 0, 0, 0, 0, 0, 0, 0, 0, 12, 110
"c:\Users\Administrator\open-webui\src\lib\components\chat\Messages\MultiResponseMessages.svelte", "Svelte", 0, 260, 0, 0, 0, 0, 0, 0, 0, 0, 0, 0, 2, 49, 311
"c:\Users\Administrator\open-webui\src\lib\components\chat\Messages\Name.svelte", "Svelte", 0, 3, 0, 0, 0, 0, 0, 0, 0, 0, 0, 0, 0, 1, 4
"c:\Users\Administrator\open-webui\src\lib\components\chat\Messages\ProfileImage.svelte", "Svelte", 0, 19, 0, 0, 0, 0, 0, 0, 0, 0, 0, 0, 0, 3, 22
"c:\Users\Administrator\open-webui\src\lib\components\chat\Messages\RateComment.svelte", "Svelte", 0, 226, 0, 0, 0, 0, 0, 0, 0, 0, 0, 0, 2, 31, 259
"c:\Users\Administrator\open-webui\src\lib\components\chat\Messages\ResponseMessage.svelte", "Svelte", 0, 1214, 0, 0, 0, 0, 0, 0, 0, 0, 0, 0, 6, 140, 1360
"c:\Users\Administrator\open-webui\src\lib\components\chat\Messages\ResponseMessage\WebSearchResults.svelte", "Svelte", 0, 84, 0, 0, 0, 0, 0, 0, 0, 0, 0, 0, 2, 8, 94
"c:\Users\Administrator\open-webui\src\lib\components\chat\Messages\Skeleton.svelte", "Svelte", 0, 42, 0, 0, 0, 0, 0, 0, 0, 0, 0, 0, 0, 4, 46
"c:\Users\Administrator\open-webui\src\lib\components\chat\Messages\UserMessage.svelte", "Svelte", 0, 396, 0, 0, 0, 0, 0, 0, 0, 0, 0, 0, 0, 42, 438
"c:\Users\Administrator\open-webui\src\lib\components\chat\ModelSelector.svelte", "Svelte", 0, 108, 0, 0, 0, 0, 0, 0, 0, 0, 0, 0, 0, 10, 118
"c:\Users\Administrator\open-webui\src\lib\components\chat\ModelSelector\Selector.svelte", "Svelte", 0, 558, 0, 0, 0, 0, 0, 0, 0, 0, 0, 0, 1, 60, 619
"c:\Users\Administrator\open-webui\src\lib\components\chat\Navbar.svelte", "Svelte", 0, 177, 0, 0, 0, 0, 0, 0, 0, 0, 0, 0, 1, 17, 195
"c:\Users\Administrator\open-webui\src\lib\components\chat\Overview.svelte", "Svelte", 0, 165, 0, 0, 0, 0, 0, 0, 0, 0, 0, 0, 0, 35, 200
"c:\Users\Administrator\open-webui\src\lib\components\chat\Overview\Flow.svelte", "Svelte", 0, 32, 0, 0, 0, 0, 0, 0, 0, 0, 0, 0, 0, 5, 37
"c:\Users\Administrator\open-webui\src\lib\components\chat\Overview\Node.svelte", "Svelte", 0, 75, 0, 0, 0, 0, 0, 0, 0, 0, 0, 0, 0, 8, 83
"c:\Users\Administrator\open-webui\src\lib\components\chat\Placeholder.svelte", "Svelte", 0, 194, 0, 0, 0, 0, 0, 0, 0, 0, 0, 0, 0, 34, 228
"c:\Users\Administrator\open-webui\src\lib\components\chat\SettingsModal.svelte", "Svelte", 0, 694, 0, 0, 0, 0, 0, 0, 0, 0, 0, 0, 0, 23, 717
"c:\Users\Administrator\open-webui\src\lib\components\chat\Settings\About.svelte", "Svelte", 0, 159, 0, 0, 0, 0, 0, 0, 0, 0, 0, 0, 0, 28, 187
"c:\Users\Administrator\open-webui\src\lib\components\chat\Settings\Account.svelte", "Svelte", 0, 394, 0, 0, 0, 0, 0, 0, 0, 0, 0, 0, 1, 52, 447
"c:\Users\Administrator\open-webui\src\lib\components\chat\Settings\Account\UpdatePassword.svelte", "Svelte", 0, 99, 0, 0, 0, 0, 0, 0, 0, 0, 0, 0, 0, 14, 113
"c:\Users\Administrator\open-webui\src\lib\components\chat\Settings\Advanced\AdvancedParams.svelte", "Svelte", 0, 1257, 0, 0, 0, 0, 0, 0, 0, 0, 0, 0, 32, 73, 1362
"c:\Users\Administrator\open-webui\src\lib\components\chat\Settings\Audio.svelte", "Svelte", 0, 337, 0, 0, 0, 0, 0, 0, 0, 0, 0, 0, 0, 52, 389
"c:\Users\Administrator\open-webui\src\lib\components\chat\Settings\Chats.svelte", "Svelte", 0, 308, 0, 0, 0, 0, 0, 0, 0, 0, 0, 0, 0, 25, 333
"c:\Users\Administrator\open-webui\src\lib\components\chat\Settings\Connections.svelte", "Svelte", 0, 135, 0, 0, 0, 0, 0, 0, 0, 0, 0, 0, 0, 22, 157
"c:\Users\Administrator\open-webui\src\lib\components\chat\Settings\Connections\Connection.svelte", "Svelte", 0, 75, 0, 0, 0, 0, 0, 0, 0, 0, 0, 0, 0, 10, 85
"c:\Users\Administrator\open-webui\src\lib\components\chat\Settings\General.svelte", "Svelte", 0, 327, 0, 0, 0, 0, 0, 0, 0, 0, 0, 0, 12, 44, 383
"c:\Users\Administrator\open-webui\src\lib\components\chat\Settings\Interface.svelte", "Svelte", 0, 673, 0, 0, 0, 0, 0, 0, 0, 0, 0, 0, 21, 103, 797
"c:\Users\Administrator\open-webui\src\lib\components\chat\Settings\Personalization.svelte", "Svelte", 0, 77, 0, 0, 0, 0, 0, 0, 0, 0, 0, 0, 8, 14, 99
"c:\Users\Administrator\open-webui\src\lib\components\chat\Settings\Personalization\AddMemoryModal.svelte", "Svelte", 0, 112, 0, 0, 0, 0, 0, 0, 0, 0, 0, 0, 0, 15, 127
"c:\Users\Administrator\open-webui\src\lib\components\chat\Settings\Personalization\EditMemoryModal.svelte", "Svelte", 0, 118, 0, 0, 0, 0, 0, 0, 0, 0, 0, 0, 0, 19, 137
"c:\Users\Administrator\open-webui\src\lib\components\chat\Settings\Personalization\ManageModal.svelte", "Svelte", 0, 212, 0, 0, 0, 0, 0, 0, 0, 0, 0, 0, 0, 19, 231
"c:\Users\Administrator\open-webui\src\lib\components\chat\ShareChatModal.svelte", "Svelte", 0, 179, 0, 0, 0, 0, 0, 0, 0, 0, 0, 0, 0, 24, 203
"c:\Users\Administrator\open-webui\src\lib\components\chat\ShortcutsModal.svelte", "Svelte", 0, 278, 0, 0, 0, 0, 0, 0, 0, 0, 0, 0, 0, 48, 326
"c:\Users\Administrator\open-webui\src\lib\components\chat\Suggestions.svelte", "Svelte", 0, 118, 0, 0, 0, 0, 0, 0, 0, 0, 0, 0, 1, 17, 136
"c:\Users\Administrator\open-webui\src\lib\components\chat\TagChatModal.svelte", "Svelte", 0, 23, 0, 0, 0, 0, 0, 0, 0, 0, 0, 0, 0, 6, 29
"c:\Users\Administrator\open-webui\src\lib\components\chat\Tags.svelte", "Svelte", 0, 71, 0, 0, 0, 0, 0, 0, 0, 0, 0, 0, 0, 12, 83
"c:\Users\Administrator\open-webui\src\lib\components\common\Badge.svelte", "Svelte", 0, 17, 0, 0, 0, 0, 0, 0, 0, 0, 0, 0, 0, 3, 20
"c:\Users\Administrator\open-webui\src\lib\components\common\Banner.svelte", "Svelte", 0, 113, 0, 0, 0, 0, 0, 0, 0, 0, 0, 0, 2, 14, 129
"c:\Users\Administrator\open-webui\src\lib\components\common\Checkbox.svelte", "Svelte", 0, 65, 0, 0, 0, 0, 0, 0, 0, 0, 0, 0, 1, 6, 72
"c:\Users\Administrator\open-webui\src\lib\components\common\CodeEditor.svelte", "Svelte", 0, 164, 0, 0, 0, 0, 0, 0, 0, 0, 0, 0, 0, 38, 202
"c:\Users\Administrator\open-webui\src\lib\components\common\Collapsible.svelte", "Svelte", 0, 128, 0, 0, 0, 0, 0, 0, 0, 0, 0, 0, 4, 16, 148
"c:\Users\Administrator\open-webui\src\lib\components\common\ConfirmDialog.svelte", "Svelte", 0, 129, 0, 0, 0, 0, 0, 0, 0, 0, 0, 0, 2, 21, 152
"c:\Users\Administrator\open-webui\src\lib\components\common\DragGhost.svelte", "Svelte", 0, 22, 0, 0, 0, 0, 0, 0, 0, 0, 0, 0, 2, 7, 31
"c:\Users\Administrator\open-webui\src\lib\components\common\Drawer.svelte", "Svelte", 0, 79, 0, 0, 0, 0, 0, 0, 0, 0, 0, 0, 2, 14, 95
"c:\Users\Administrator\open-webui\src\lib\components\common\Dropdown.svelte", "Svelte", 0, 40, 0, 0, 0, 0, 0, 0, 0, 0, 0, 0, 0, 7, 47
"c:\Users\Administrator\open-webui\src\lib\components\common\FileItem.svelte", "Svelte", 0, 127, 0, 0, 0, 0, 0, 0, 0, 0, 0, 0, 8, 16, 151
"c:\Users\Administrator\open-webui\src\lib\components\common\FileItemModal.svelte", "Svelte", 0, 114, 0, 0, 0, 0, 0, 0, 0, 0, 0, 0, 0, 14, 128
"c:\Users\Administrator\open-webui\src\lib\components\common\Folder.svelte", "Svelte", 0, 148, 0, 0, 0, 0, 0, 0, 0, 0, 0, 0, 1, 28, 177
"c:\Users\Administrator\open-webui\src\lib\components\common\Image.svelte", "Svelte", 0, 21, 0, 0, 0, 0, 0, 0, 0, 0, 0, 0, 0, 7, 28
"c:\Users\Administrator\open-webui\src\lib\components\common\ImagePreview.svelte", "Svelte", 0, 98, 0, 0, 0, 0, 0, 0, 0, 0, 0, 0, 2, 12, 112
"c:\Users\Administrator\open-webui\src\lib\components\common\Loader.svelte", "Svelte", 0, 39, 0, 0, 0, 0, 0, 0, 0, 0, 0, 0, 0, 8, 47
"c:\Users\Administrator\open-webui\src\lib\components\common\Marquee.svelte", "Svelte", 0, 26, 0, 0, 0, 0, 0, 0, 0, 0, 0, 0, 0, 5, 31
"c:\Users\Administrator\open-webui\src\lib\components\common\Modal.svelte", "Svelte", 0, 90, 0, 0, 0, 0, 0, 0, 0, 0, 0, 0, 2, 13, 105
"c:\Users\Administrator\open-webui\src\lib\components\common\Overlay.svelte", "Svelte", 0, 27, 0, 0, 0, 0, 0, 0, 0, 0, 0, 0, 0, 7, 34
"c:\Users\Administrator\open-webui\src\lib\components\common\Pagination.svelte", "Svelte", 0, 39, 0, 0, 0, 0, 0, 0, 0, 0, 0, 0, 0, 4, 43
"c:\Users\Administrator\open-webui\src\lib\components\common\RichTextInput.svelte", "Svelte", 0, 332, 0, 0, 0, 0, 0, 0, 0, 0, 0, 0, 0, 48, 380
"c:\Users\Administrator\open-webui\src\lib\components\common\RichTextInput\AutoCompletion.js", "JavaScript", 0, 0, 0, 0, 202, 0, 0, 0, 0, 0, 0, 0, 67, 31, 300
"c:\Users\Administrator\open-webui\src\lib\components\common\SVGPanZoom.svelte", "Svelte", 0, 79, 0, 0, 0, 0, 0, 0, 0, 0, 0, 0, 0, 16, 95
"c:\Users\Administrator\open-webui\src\lib\components\common\Selector.svelte", "Svelte", 0, 83, 0, 0, 0, 0, 0, 0, 0, 0, 0, 0, 0, 13, 96
"c:\Users\Administrator\open-webui\src\lib\components\common\SensitiveInput.svelte", "Svelte", 0, 62, 0, 0, 0, 0, 0, 0, 0, 0, 0, 0, 0, 3, 65
"c:\Users\Administrator\open-webui\src\lib\components\common\Sidebar.svelte", "Svelte", 0, 25, 0, 0, 0, 0, 0, 0, 0, 0, 0, 0, 1, 5, 31
"c:\Users\Administrator\open-webui\src\lib\components\common\SlideShow.svelte", "Svelte", 0, 35, 0, 0, 0, 0, 0, 0, 0, 0, 0, 0, 0, 5, 40
"c:\Users\Administrator\open-webui\src\lib\components\common\Spinner.svelte", "Svelte", 0, 24, 0, 0, 0, 0, 0, 0, 0, 0, 0, 0, 0, 2, 26
"c:\Users\Administrator\open-webui\src\lib\components\common\Switch.svelte", "Svelte", 0, 17, 0, 0, 0, 0, 0, 0, 0, 0, 0, 0, 0, 4, 21
"c:\Users\Administrator\open-webui\src\lib\components\common\Tags.svelte", "Svelte", 0, 22, 0, 0, 0, 0, 0, 0, 0, 0, 0, 0, 0, 5, 27
"c:\Users\Administrator\open-webui\src\lib\components\common\Tags\TagInput.svelte", "Svelte", 0, 81, 0, 0, 0, 0, 0, 0, 0, 0, 0, 0, 0, 8, 89
"c:\Users\Administrator\open-webui\src\lib\components\common\Tags\TagList.svelte", "Svelte", 0, 30, 0, 0, 0, 0, 0, 0, 0, 0, 0, 0, 0, 3, 33
"c:\Users\Administrator\open-webui\src\lib\components\common\Textarea.svelte", "Svelte", 0, 45, 0, 0, 0, 0, 0, 0, 0, 0, 0, 0, 0, 7, 52
"c:\Users\Administrator\open-webui\src\lib\components\common\Tooltip.svelte", "Svelte", 0, 45, 0, 0, 0, 0, 0, 0, 0, 0, 0, 0, 0, 8, 53
"c:\Users\Administrator\open-webui\src\lib\components\common\Valves.svelte", "Svelte", 0, 99, 0, 0, 0, 0, 0, 0, 0, 0, 0, 0, 1, 10, 110
"c:\Users\Administrator\open-webui\src\lib\components\icons\AdjustmentsHorizontal.svelte", "Svelte", 0, 16, 0, 0, 0, 0, 0, 0, 0, 0, 0, 0, 0, 2, 18
"c:\Users\Administrator\open-webui\src\lib\components\icons\ArchiveBox.svelte", "Svelte", 0, 18, 0, 0, 0, 0, 0, 0, 0, 0, 0, 0, 0, 2, 20
"c:\Users\Administrator\open-webui\src\lib\components\icons\ArrowDownTray.svelte", "Svelte", 0, 18, 0, 0, 0, 0, 0, 0, 0, 0, 0, 0, 0, 2, 20
"c:\Users\Administrator\open-webui\src\lib\components\icons\ArrowLeft.svelte", "Svelte", 0, 14, 0, 0, 0, 0, 0, 0, 0, 0, 0, 0, 0, 2, 16
"c:\Users\Administrator\open-webui\src\lib\components\icons\ArrowPath.svelte", "Svelte", 0, 18, 0, 0, 0, 0, 0, 0, 0, 0, 0, 0, 0, 2, 20
"c:\Users\Administrator\open-webui\src\lib\components\icons\ArrowRight.svelte", "Svelte", 0, 14, 0, 0, 0, 0, 0, 0, 0, 0, 0, 0, 0, 2, 16
"c:\Users\Administrator\open-webui\src\lib\components\icons\ArrowRightCircle.svelte", "Svelte", 0, 18, 0, 0, 0, 0, 0, 0, 0, 0, 0, 0, 0, 2, 20
"c:\Users\Administrator\open-webui\src\lib\components\icons\ArrowUpCircle.svelte", "Svelte", 0, 18, 0, 0, 0, 0, 0, 0, 0, 0, 0, 0, 0, 2, 20
"c:\Users\Administrator\open-webui\src\lib\components\icons\ArrowsPointingOut.svelte", "Svelte", 0, 18, 0, 0, 0, 0, 0, 0, 0, 0, 0, 0, 0, 2, 20
"c:\Users\Administrator\open-webui\src\lib\components\icons\BarsArrowUp.svelte", "Svelte", 0, 18, 0, 0, 0, 0, 0, 0, 0, 0, 0, 0, 0, 2, 20
"c:\Users\Administrator\open-webui\src\lib\components\icons\Bolt.svelte", "Svelte", 0, 18, 0, 0, 0, 0, 0, 0, 0, 0, 0, 0, 0, 2, 20
"c:\Users\Administrator\open-webui\src\lib\components\icons\BookOpen.svelte", "Svelte", 0, 18, 0, 0, 0, 0, 0, 0, 0, 0, 0, 0, 0, 2, 20
"c:\Users\Administrator\open-webui\src\lib\components\icons\Bookmark.svelte", "Svelte", 0, 18, 0, 0, 0, 0, 0, 0, 0, 0, 0, 0, 0, 2, 20
"c:\Users\Administrator\open-webui\src\lib\components\icons\BookmarkSlash.svelte", "Svelte", 0, 18, 0, 0, 0, 0, 0, 0, 0, 0, 0, 0, 0, 2, 20
"c:\Users\Administrator\open-webui\src\lib\components\icons\CameraSolid.svelte", "Svelte", 0, 11, 0, 0, 0, 0, 0, 0, 0, 0, 0, 0, 0, 2, 13
"c:\Users\Administrator\open-webui\src\lib\components\icons\ChartBar.svelte", "Svelte", 0, 9, 0, 0, 0, 0, 0, 0, 0, 0, 0, 0, 0, 2, 11
"c:\Users\Administrator\open-webui\src\lib\components\icons\ChatBubble.svelte", "Svelte", 0, 18, 0, 0, 0, 0, 0, 0, 0, 0, 0, 0, 0, 2, 20
"c:\Users\Administrator\open-webui\src\lib\components\icons\ChatBubbleOval.svelte", "Svelte", 0, 18, 0, 0, 0, 0, 0, 0, 0, 0, 0, 0, 0, 2, 20
"c:\Users\Administrator\open-webui\src\lib\components\icons\ChatBubbleOvalEllipsis.svelte", "Svelte", 0, 18, 0, 0, 0, 0, 0, 0, 0, 0, 0, 0, 0, 2, 20
"c:\Users\Administrator\open-webui\src\lib\components\icons\ChatBubbles.svelte", "Svelte", 0, 18, 0, 0, 0, 0, 0, 0, 0, 0, 0, 0, 0, 2, 20
"c:\Users\Administrator\open-webui\src\lib\components\icons\Check.svelte", "Svelte", 0, 14, 0, 0, 0, 0, 0, 0, 0, 0, 0, 0, 0, 2, 16
"c:\Users\Administrator\open-webui\src\lib\components\icons\ChevronDown.svelte", "Svelte", 0, 14, 0, 0, 0, 0, 0, 0, 0, 0, 0, 0, 0, 2, 16
"c:\Users\Administrator\open-webui\src\lib\components\icons\ChevronLeft.svelte", "Svelte", 0, 14, 0, 0, 0, 0, 0, 0, 0, 0, 0, 0, 0, 2, 16
"c:\Users\Administrator\open-webui\src\lib\components\icons\ChevronRight.svelte", "Svelte", 0, 14, 0, 0, 0, 0, 0, 0, 0, 0, 0, 0, 0, 2, 16
"c:\Users\Administrator\open-webui\src\lib\components\icons\ChevronUp.svelte", "Svelte", 0, 14, 0, 0, 0, 0, 0, 0, 0, 0, 0, 0, 0, 2, 16
"c:\Users\Administrator\open-webui\src\lib\components\icons\ChevronUpDown.svelte", "Svelte", 0, 18, 0, 0, 0, 0, 0, 0, 0, 0, 0, 0, 0, 2, 20
"c:\Users\Administrator\open-webui\src\lib\components\icons\Clipboard.svelte", "Svelte", 0, 18, 0, 0, 0, 0, 0, 0, 0, 0, 0, 0, 0, 2, 20
"c:\Users\Administrator\open-webui\src\lib\components\icons\CloudArrowUp.svelte", "Svelte", 0, 18, 0, 0, 0, 0, 0, 0, 0, 0, 0, 0, 0, 2, 20
"c:\Users\Administrator\open-webui\src\lib\components\icons\Cog6.svelte", "Svelte", 0, 19, 0, 0, 0, 0, 0, 0, 0, 0, 0, 0, 0, 2, 21
"c:\Users\Administrator\open-webui\src\lib\components\icons\Cog6Solid.svelte", "Svelte", 0, 11, 0, 0, 0, 0, 0, 0, 0, 0, 0, 0, 0, 2, 13
"c:\Users\Administrator\open-webui\src\lib\components\icons\CommandLine.svelte", "Svelte", 0, 18, 0, 0, 0, 0, 0, 0, 0, 0, 0, 0, 0, 2, 20
"c:\Users\Administrator\open-webui\src\lib\components\icons\CommandLineSolid.svelte", "Svelte", 0, 10, 0, 0, 0, 0, 0, 0, 0, 0, 0, 0, 0, 2, 12
"c:\Users\Administrator\open-webui\src\lib\components\icons\Cube.svelte", "Svelte", 0, 18, 0, 0, 0, 0, 0, 0, 0, 0, 0, 0, 0, 2, 20
"c:\Users\Administrator\open-webui\src\lib\components\icons\Document.svelte", "Svelte", 0, 18, 0, 0, 0, 0, 0, 0, 0, 0, 0, 0, 0, 2, 20
"c:\Users\Administrator\open-webui\src\lib\components\icons\DocumentArrowDown.svelte", "Svelte", 0, 18, 0, 0, 0, 0, 0, 0, 0, 0, 0, 0, 0, 2, 20
"c:\Users\Administrator\open-webui\src\lib\components\icons\DocumentArrowUpSolid.svelte", "Svelte", 0, 13, 0, 0, 0, 0, 0, 0, 0, 0, 0, 0, 0, 2, 15
"c:\Users\Administrator\open-webui\src\lib\components\icons\DocumentChartBar.svelte", "Svelte", 0, 14, 0, 0, 0, 0, 0, 0, 0, 0, 0, 0, 0, 2, 16
"c:\Users\Administrator\open-webui\src\lib\components\icons\DocumentDuplicate.svelte", "Svelte", 0, 18, 0, 0, 0, 0, 0, 0, 0, 0, 0, 0, 0, 2, 20
"c:\Users\Administrator\open-webui\src\lib\components\icons\Download.svelte", "Svelte", 0, 18, 0, 0, 0, 0, 0, 0, 0, 0, 0, 0, 0, 2, 20
"c:\Users\Administrator\open-webui\src\lib\components\icons\EllipsisHorizontal.svelte", "Svelte", 0, 18, 0, 0, 0, 0, 0, 0, 0, 0, 0, 0, 0, 2, 20
"c:\Users\Administrator\open-webui\src\lib\components\icons\EllipsisVertical.svelte", "Svelte", 0, 18, 0, 0, 0, 0, 0, 0, 0, 0, 0, 0, 0, 2, 20
"c:\Users\Administrator\open-webui\src\lib\components\icons\EyeSlash.svelte", "Svelte", 0, 18, 0, 0, 0, 0, 0, 0, 0, 0, 0, 0, 0, 2, 20
"c:\Users\Administrator\open-webui\src\lib\components\icons\FaceSmile.svelte", "Svelte", 0, 18, 0, 0, 0, 0, 0, 0, 0, 0, 0, 0, 0, 2, 20
"c:\Users\Administrator\open-webui\src\lib\components\icons\FloppyDisk.svelte", "Svelte", 0, 19, 0, 0, 0, 0, 0, 0, 0, 0, 0, 0, 0, 2, 21
"c:\Users\Administrator\open-webui\src\lib\components\icons\FolderOpen.svelte", "Svelte", 0, 18, 0, 0, 0, 0, 0, 0, 0, 0, 0, 0, 0, 2, 20
"c:\Users\Administrator\open-webui\src\lib\components\icons\GarbageBin.svelte", "Svelte", 0, 18, 0, 0, 0, 0, 0, 0, 0, 0, 0, 0, 0, 2, 20
"c:\Users\Administrator\open-webui\src\lib\components\icons\GlobeAlt.svelte", "Svelte", 0, 18, 0, 0, 0, 0, 0, 0, 0, 0, 0, 0, 0, 2, 20
"c:\Users\Administrator\open-webui\src\lib\components\icons\GlobeAltSolid.svelte", "Svelte", 0, 8, 0, 0, 0, 0, 0, 0, 0, 0, 0, 0, 0, 2, 10
"c:\Users\Administrator\open-webui\src\lib\components\icons\Headphone.svelte", "Svelte", 0, 19, 0, 0, 0, 0, 0, 0, 0, 0, 0, 0, 0, 2, 21
"c:\Users\Administrator\open-webui\src\lib\components\icons\Heart.svelte", "Svelte", 0, 18, 0, 0, 0, 0, 0, 0, 0, 0, 0, 0, 0, 2, 20
"c:\Users\Administrator\open-webui\src\lib\components\icons\Home.svelte", "Svelte", 0, 22, 0, 0, 0, 0, 0, 0, 0, 0, 0, 0, 0, 2, 24
"c:\Users\Administrator\open-webui\src\lib\components\icons\Info.svelte", "Svelte", 0, 18, 0, 0, 0, 0, 0, 0, 0, 0, 0, 0, 0, 2, 20
"c:\Users\Administrator\open-webui\src\lib\components\icons\Keyboard.svelte", "Svelte", 0, 18, 0, 0, 0, 0, 0, 0, 0, 0, 0, 0, 0, 2, 20
"c:\Users\Administrator\open-webui\src\lib\components\icons\Lifebuoy.svelte", "Svelte", 0, 18, 0, 0, 0, 0, 0, 0, 0, 0, 0, 0, 0, 2, 20
"c:\Users\Administrator\open-webui\src\lib\components\icons\LightBlub.svelte", "Svelte", 0, 18, 0, 0, 0, 0, 0, 0, 0, 0, 0, 0, 0, 2, 20
"c:\Users\Administrator\open-webui\src\lib\components\icons\Link.svelte", "Svelte", 0, 15, 0, 0, 0, 0, 0, 0, 0, 0, 0, 0, 0, 2, 17
"c:\Users\Administrator\open-webui\src\lib\components\icons\LockClosed.svelte", "Svelte", 0, 18, 0, 0, 0, 0, 0, 0, 0, 0, 0, 0, 0, 2, 20
"c:\Users\Administrator\open-webui\src\lib\components\icons\MagnifyingGlass.svelte", "Svelte", 0, 18, 0, 0, 0, 0, 0, 0, 0, 0, 0, 0, 0, 2, 20
"c:\Users\Administrator\open-webui\src\lib\components\icons\Map.svelte", "Svelte", 0, 18, 0, 0, 0, 0, 0, 0, 0, 0, 0, 0, 0, 2, 20
"c:\Users\Administrator\open-webui\src\lib\components\icons\MenuLines.svelte", "Svelte", 0, 18, 0, 0, 0, 0, 0, 0, 0, 0, 0, 0, 0, 2, 20
"c:\Users\Administrator\open-webui\src\lib\components\icons\Merge.svelte", "Svelte", 0, 18, 0, 0, 0, 0, 0, 0, 0, 0, 0, 0, 0, 2, 20
"c:\Users\Administrator\open-webui\src\lib\components\icons\Mic.svelte", "Svelte", 0, 9, 0, 0, 0, 0, 0, 0, 0, 0, 0, 0, 0, 2, 11
"c:\Users\Administrator\open-webui\src\lib\components\icons\Minus.svelte", "Svelte", 0, 14, 0, 0, 0, 0, 0, 0, 0, 0, 0, 0, 0, 2, 16
"c:\Users\Administrator\open-webui\src\lib\components\icons\Pencil.svelte", "Svelte", 0, 18, 0, 0, 0, 0, 0, 0, 0, 0, 0, 0, 0, 2, 20
"c:\Users\Administrator\open-webui\src\lib\components\icons\PencilSolid.svelte", "Svelte", 0, 9, 0, 0, 0, 0, 0, 0, 0, 0, 0, 0, 0, 2, 11
"c:\Users\Administrator\open-webui\src\lib\components\icons\PencilSquare.svelte", "Svelte", 0, 18, 0, 0, 0, 0, 0, 0, 0, 0, 0, 0, 0, 2, 20
"c:\Users\Administrator\open-webui\src\lib\components\icons\Photo.svelte", "Svelte", 0, 20, 0, 0, 0, 0, 0, 0, 0, 0, 0, 0, 0, 2, 22
"c:\Users\Administrator\open-webui\src\lib\components\icons\PhotoSolid.svelte", "Svelte", 0, 10, 0, 0, 0, 0, 0, 0, 0, 0, 0, 0, 0, 2, 12
"c:\Users\Administrator\open-webui\src\lib\components\icons\Plus.svelte", "Svelte", 0, 14, 0, 0, 0, 0, 0, 0, 0, 0, 0, 0, 0, 2, 16
"c:\Users\Administrator\open-webui\src\lib\components\icons\QuestionMarkCircle.svelte", "Svelte", 0, 18, 0, 0, 0, 0, 0, 0, 0, 0, 0, 0, 0, 2, 20
"c:\Users\Administrator\open-webui\src\lib\components\icons\Reset.svelte", "Svelte", 0, 18, 0, 0, 0, 0, 0, 0, 0, 0, 0, 0, 0, 2, 20
"c:\Users\Administrator\open-webui\src\lib\components\icons\Search.svelte", "Svelte", 0, 18, 0, 0, 0, 0, 0, 0, 0, 0, 0, 0, 0, 2, 20
"c:\Users\Administrator\open-webui\src\lib\components\icons\Share.svelte", "Svelte", 0, 10, 0, 0, 0, 0, 0, 0, 0, 0, 0, 0, 0, 2, 12
"c:\Users\Administrator\open-webui\src\lib\components\icons\Sparkles.svelte", "Svelte", 0, 18, 0, 0, 0, 0, 0, 0, 0, 0, 0, 0, 0, 2, 20
"c:\Users\Administrator\open-webui\src\lib\components\icons\SparklesSolid.svelte", "Svelte", 0, 11, 0, 0, 0, 0, 0, 0, 0, 0, 0, 0, 0, 2, 13
"c:\Users\Administrator\open-webui\src\lib\components\icons\Star.svelte", "Svelte", 0, 18, 0, 0, 0, 0, 0, 0, 0, 0, 0, 0, 0, 2, 20
"c:\Users\Administrator\open-webui\src\lib\components\icons\User.svelte", "Svelte", 0, 10, 0, 0, 0, 0, 0, 0, 0, 0, 0, 0, 0, 2, 12
"c:\Users\Administrator\open-webui\src\lib\components\icons\UserCircleSolid.svelte", "Svelte", 0, 10, 0, 0, 0, 0, 0, 0, 0, 0, 0, 0, 0, 2, 12
"c:\Users\Administrator\open-webui\src\lib\components\icons\UserPlusSolid.svelte", "Svelte", 0, 8, 0, 0, 0, 0, 0, 0, 0, 0, 0, 0, 0, 2, 10
"c:\Users\Administrator\open-webui\src\lib\components\icons\UsersSolid.svelte", "Svelte", 0, 8, 0, 0, 0, 0, 0, 0, 0, 0, 0, 0, 0, 2, 10
"c:\Users\Administrator\open-webui\src\lib\components\icons\Wrench.svelte", "Svelte", 0, 19, 0, 0, 0, 0, 0, 0, 0, 0, 0, 0, 0, 2, 21
"c:\Users\Administrator\open-webui\src\lib\components\icons\WrenchSolid.svelte", "Svelte", 0, 10, 0, 0, 0, 0, 0, 0, 0, 0, 0, 0, 0, 2, 12
"c:\Users\Administrator\open-webui\src\lib\components\icons\XMark.svelte", "Svelte", 0, 14, 0, 0, 0, 0, 0, 0, 0, 0, 0, 0, 0, 2, 16
"c:\Users\Administrator\open-webui\src\lib\components\layout\Help.svelte", "Svelte", 0, 34, 0, 0, 0, 0, 0, 0, 0, 0, 0, 0, 0, 7, 41
"c:\Users\Administrator\open-webui\src\lib\components\layout\Help\HelpMenu.svelte", "Svelte", 0, 53, 0, 0, 0, 0, 0, 0, 0, 0, 0, 0, 0, 8, 61
"c:\Users\Administrator\open-webui\src\lib\components\layout\Navbar.svelte", "Svelte", 0, 180, 0, 0, 0, 0, 0, 0, 0, 0, 0, 0, 1, 15, 196
"c:\Users\Administrator\open-webui\src\lib\components\layout\Navbar\Menu.svelte", "Svelte", 0, 230, 0, 0, 0, 0, 0, 0, 0, 0, 0, 0, 27, 36, 293
"c:\Users\Administrator\open-webui\src\lib\components\layout\Overlay\AccountPending.svelte", "Svelte", 0, 54, 0, 0, 0, 0, 0, 0, 0, 0, 0, 0, 0, 9, 63
"c:\Users\Administrator\open-webui\src\lib\components\layout\Sidebar.svelte", "Svelte", 0, 768, 0, 0, 0, 0, 0, 0, 0, 0, 0, 0, 44, 115, 927
"c:\Users\Administrator\open-webui\src\lib\components\layout\Sidebar\ArchivedChatsModal.svelte", "Svelte", 0, 233, 0, 0, 0, 0, 0, 0, 0, 0, 0, 0, 0, 23, 256
"c:\Users\Administrator\open-webui\src\lib\components\layout\Sidebar\ChannelItem.svelte", "Svelte", 0, 82, 0, 0, 0, 0, 0, 0, 0, 0, 0, 0, 0, 13, 95
"c:\Users\Administrator\open-webui\src\lib\components\layout\Sidebar\ChannelModal.svelte", "Svelte", 0, 175, 0, 0, 0, 0, 0, 0, 0, 0, 0, 0, 0, 26, 201
"c:\Users\Administrator\open-webui\src\lib\components\layout\Sidebar\ChatItem.svelte", "Svelte", 0, 389, 0, 0, 0, 0, 0, 0, 0, 0, 0, 0, 2, 49, 440
"c:\Users\Administrator\open-webui\src\lib\components\layout\Sidebar\ChatMenu.svelte", "Svelte", 0, 240, 0, 0, 0, 0, 0, 0, 0, 0, 0, 0, 0, 38, 278
"c:\Users\Administrator\open-webui\src\lib\components\layout\Sidebar\Folders.svelte", "Svelte", 0, 32, 0, 0, 0, 0, 0, 0, 0, 0, 0, 0, 0, 4, 36
"c:\Users\Administrator\open-webui\src\lib\components\layout\Sidebar\Folders\FolderMenu.svelte", "Svelte", 0, 62, 0, 0, 0, 0, 0, 0, 0, 0, 0, 0, 0, 9, 71
"c:\Users\Administrator\open-webui\src\lib\components\layout\Sidebar\RecursiveFolder.svelte", "Svelte", 0, 424, 0, 0, 0, 0, 0, 0, 0, 0, 0, 0, 1, 71, 496
"c:\Users\Administrator\open-webui\src\lib\components\layout\Sidebar\SearchInput.svelte", "Svelte", 0, 196, 0, 0, 0, 0, 0, 0, 0, 0, 0, 0, 1, 30, 227
"c:\Users\Administrator\open-webui\src\lib\components\layout\Sidebar\UserMenu.svelte", "Svelte", 0, 200, 0, 0, 0, 0, 0, 0, 0, 0, 0, 0, 3, 20, 223
"c:\Users\Administrator\open-webui\src\lib\components\layout\UpdateInfoToast.svelte", "Svelte", 0, 33, 0, 0, 0, 0, 0, 0, 0, 0, 0, 0, 0, 7, 40
"c:\Users\Administrator\open-webui\src\lib\components\playground\Chat.svelte", "Svelte", 0, 345, 0, 0, 0, 0, 0, 0, 0, 0, 0, 0, 2, 53, 400
"c:\Users\Administrator\open-webui\src\lib\components\playground\Chat\Message.svelte", "Svelte", 0, 65, 0, 0, 0, 0, 0, 0, 0, 0, 0, 0, 2, 10, 77
"c:\Users\Administrator\open-webui\src\lib\components\playground\Chat\Messages.svelte", "Svelte", 0, 17, 0, 0, 0, 0, 0, 0, 0, 0, 0, 0, 0, 4, 21
"c:\Users\Administrator\open-webui\src\lib\components\playground\Completions.svelte", "Svelte", 0, 169, 0, 0, 0, 0, 0, 0, 0, 0, 0, 0, 0, 29, 198
"c:\Users\Administrator\open-webui\src\lib\components\playground\Notes.svelte", "Svelte", 0, 104, 0, 0, 0, 0, 0, 0, 0, 0, 0, 0, 5, 14, 123
"c:\Users\Administrator\open-webui\src\lib\components\workspace\Knowledge.svelte", "Svelte", 0, 172, 0, 0, 0, 0, 0, 0, 0, 0, 0, 0, 0, 26, 198
"c:\Users\Administrator\open-webui\src\lib\components\workspace\Knowledge\CreateKnowledgeBase.svelte", "Svelte", 0, 144, 0, 0, 0, 0, 0, 0, 0, 0, 0, 0, 0, 18, 162
"c:\Users\Administrator\open-webui\src\lib\components\workspace\Knowledge\ItemMenu.svelte", "Svelte", 0, 63, 0, 0, 0, 0, 0, 0, 0, 0, 0, 0, 0, 7, 70
"c:\Users\Administrator\open-webui\src\lib\components\workspace\Knowledge\KnowledgeBase.svelte", "Svelte", 0, 752, 0, 0, 0, 0, 0, 0, 0, 0, 0, 0, 0, 111, 863
"c:\Users\Administrator\open-webui\src\lib\components\workspace\Knowledge\KnowledgeBase\AddContentMenu.svelte", "Svelte", 0, 98, 0, 0, 0, 0, 0, 0, 0, 0, 0, 0, 0, 10, 108
"c:\Users\Administrator\open-webui\src\lib\components\workspace\Knowledge\KnowledgeBase\AddTextContentModal.svelte", "Svelte", 0, 154, 0, 0, 0, 0, 0, 0, 0, 0, 0, 0, 0, 16, 170
"c:\Users\Administrator\open-webui\src\lib\components\workspace\Knowledge\KnowledgeBase\Files.svelte", "Svelte", 0, 39, 0, 0, 0, 0, 0, 0, 0, 0, 0, 0, 0, 7, 46
"c:\Users\Administrator\open-webui\src\lib\components\workspace\Models.svelte", "Svelte", 0, 467, 0, 0, 0, 0, 0, 0, 0, 0, 0, 0, 0, 65, 532
"c:\Users\Administrator\open-webui\src\lib\components\workspace\Models\ActionsSelector.svelte", "Svelte", 0, 50, 0, 0, 0, 0, 0, 0, 0, 0, 0, 0, 0, 10, 60
"c:\Users\Administrator\open-webui\src\lib\components\workspace\Models\Capabilities.svelte", "Svelte", 0, 41, 0, 0, 0, 0, 0, 0, 0, 0, 0, 0, 0, 6, 47
"c:\Users\Administrator\open-webui\src\lib\components\workspace\Models\FiltersSelector.svelte", "Svelte", 0, 50, 0, 0, 0, 0, 0, 0, 0, 0, 0, 0, 1, 10, 61
"c:\Users\Administrator\open-webui\src\lib\components\workspace\Models\Knowledge.svelte", "Svelte", 0, 55, 0, 0, 0, 0, 0, 0, 0, 0, 0, 0, 1, 8, 64
"c:\Users\Administrator\open-webui\src\lib\components\workspace\Models\Knowledge\Selector.svelte", "Svelte", 0, 150, 0, 0, 0, 0, 0, 0, 0, 0, 0, 0, 0, 18, 168
"c:\Users\Administrator\open-webui\src\lib\components\workspace\Models\ModelEditor.svelte", "Svelte", 0, 701, 0, 0, 0, 0, 0, 0, 0, 0, 0, 0, 0, 97, 798
"c:\Users\Administrator\open-webui\src\lib\components\workspace\Models\ModelMenu.svelte", "Svelte", 0, 87, 0, 0, 0, 0, 0, 0, 0, 0, 0, 0, 0, 16, 103
"c:\Users\Administrator\open-webui\src\lib\components\workspace\Models\ToolsSelector.svelte", "Svelte", 0, 47, 0, 0, 0, 0, 0, 0, 0, 0, 0, 0, 0, 11, 58
"c:\Users\Administrator\open-webui\src\lib\components\workspace\Prompts.svelte", "Svelte", 0, 312, 0, 0, 0, 0, 0, 0, 0, 0, 0, 0, 0, 38, 350
"c:\Users\Administrator\open-webui\src\lib\components\workspace\Prompts\PromptEditor.svelte", "Svelte", 0, 183, 0, 0, 0, 0, 0, 0, 0, 0, 0, 0, 0, 28, 211
"c:\Users\Administrator\open-webui\src\lib\components\workspace\Prompts\PromptMenu.svelte", "Svelte", 0, 83, 0, 0, 0, 0, 0, 0, 0, 0, 0, 0, 0, 13, 96
"c:\Users\Administrator\open-webui\src\lib\components\workspace\Tools.svelte", "Svelte", 0, 465, 0, 0, 0, 0, 0, 0, 0, 0, 0, 0, 0, 61, 526
"c:\Users\Administrator\open-webui\src\lib\components\workspace\Tools\ToolMenu.svelte", "Svelte", 0, 106, 0, 0, 0, 0, 0, 0, 0, 0, 0, 0, 0, 15, 121
"c:\Users\Administrator\open-webui\src\lib\components\workspace\Tools\ToolkitEditor.svelte", "Svelte", 0, 294, 0, 0, 0, 0, 0, 0, 0, 0, 0, 0, 0, 52, 346
"c:\Users\Administrator\open-webui\src\lib\components\workspace\common\AccessControl.svelte", "Svelte", 0, 210, 0, 0, 0, 0, 0, 0, 0, 0, 0, 0, 11, 22, 243
"c:\Users\Administrator\open-webui\src\lib\components\workspace\common\AccessControlModal.svelte", "Svelte", 0, 39, 0, 0, 0, 0, 0, 0, 0, 0, 0, 0, 0, 6, 45
"c:\Users\Administrator\open-webui\src\lib\components\workspace\common\ManifestModal.svelte", "Svelte", 0, 92, 0, 0, 0, 0, 0, 0, 0, 0, 0, 0, 0, 13, 105
"c:\Users\Administrator\open-webui\src\lib\components\workspace\common\ValvesModal.svelte", "Svelte", 0, 176, 0, 0, 0, 0, 0, 0, 0, 0, 0, 0, 0, 27, 203
"c:\Users\Administrator\open-webui\src\lib\constants.ts", "TypeScript", 0, 0, 90, 0, 0, 0, 0, 0, 0, 0, 0, 0, 5, 9, 104
"c:\Users\Administrator\open-webui\src\lib\dayjs.js", "JavaScript", 0, 0, 0, 0, 101, 0, 0, 0, 0, 0, 0, 0, 1, 3, 105
"c:\Users\Administrator\open-webui\src\lib\emoji-groups.json", "JSON", 0, 0, 0, 5054, 0, 0, 0, 0, 0, 0, 0, 0, 0, 1, 5055
"c:\Users\Administrator\open-webui\src\lib\emoji-shortcodes.json", "JSON", 0, 0, 0, 1905, 0, 0, 0, 0, 0, 0, 0, 0, 0, 1, 1906
"c:\Users\Administrator\open-webui\src\lib\i18n\index.ts", "TypeScript", 0, 0, 65, 0, 0, 0, 0, 0, 0, 0, 0, 0, 3, 12, 80
"c:\Users\Administrator\open-webui\src\lib\i18n\locales\ar-BH\translation.json", "JSON", 0, 0, 0, 1160, 0, 0, 0, 0, 0, 0, 0, 0, 0, 1, 1161
"c:\Users\Administrator\open-webui\src\lib\i18n\locales\bg-BG\translation.json", "JSON", 0, 0, 0, 1160, 0, 0, 0, 0, 0, 0, 0, 0, 0, 1, 1161
"c:\Users\Administrator\open-webui\src\lib\i18n\locales\bn-BD\translation.json", "JSON", 0, 0, 0, 1160, 0, 0, 0, 0, 0, 0, 0, 0, 0, 1, 1161
"c:\Users\Administrator\open-webui\src\lib\i18n\locales\ca-ES\translation.json", "JSON", 0, 0, 0, 1160, 0, 0, 0, 0, 0, 0, 0, 0, 0, 1, 1161
"c:\Users\Administrator\open-webui\src\lib\i18n\locales\ceb-PH\translation.json", "JSON", 0, 0, 0, 1160, 0, 0, 0, 0, 0, 0, 0, 0, 0, 1, 1161
"c:\Users\Administrator\open-webui\src\lib\i18n\locales\cs-CZ\translation.json", "JSON", 0, 0, 0, 1160, 0, 0, 0, 0, 0, 0, 0, 0, 0, 1, 1161
"c:\Users\Administrator\open-webui\src\lib\i18n\locales\da-DK\translation.json", "JSON", 0, 0, 0, 1160, 0, 0, 0, 0, 0, 0, 0, 0, 0, 1, 1161
"c:\Users\Administrator\open-webui\src\lib\i18n\locales\de-DE\translation.json", "JSON", 0, 0, 0, 1160, 0, 0, 0, 0, 0, 0, 0, 0, 0, 1, 1161
"c:\Users\Administrator\open-webui\src\lib\i18n\locales\dg-DG\translation.json", "JSON", 0, 0, 0, 1160, 0, 0, 0, 0, 0, 0, 0, 0, 0, 1, 1161
"c:\Users\Administrator\open-webui\src\lib\i18n\locales\el-GR\translation.json", "JSON", 0, 0, 0, 1160, 0, 0, 0, 0, 0, 0, 0, 0, 0, 1, 1161
"c:\Users\Administrator\open-webui\src\lib\i18n\locales\en-GB\translation.json", "JSON", 0, 0, 0, 1160, 0, 0, 0, 0, 0, 0, 0, 0, 0, 1, 1161
"c:\Users\Administrator\open-webui\src\lib\i18n\locales\en-US\translation.json", "JSON", 0, 0, 0, 1160, 0, 0, 0, 0, 0, 0, 0, 0, 0, 1, 1161
"c:\Users\Administrator\open-webui\src\lib\i18n\locales\es-ES\translation.json", "JSON", 0, 0, 0, 1160, 0, 0, 0, 0, 0, 0, 0, 0, 0, 1, 1161
"c:\Users\Administrator\open-webui\src\lib\i18n\locales\eu-ES\translation.json", "JSON", 0, 0, 0, 1160, 0, 0, 0, 0, 0, 0, 0, 0, 0, 1, 1161
"c:\Users\Administrator\open-webui\src\lib\i18n\locales\fa-IR\translation.json", "JSON", 0, 0, 0, 1160, 0, 0, 0, 0, 0, 0, 0, 0, 0, 1, 1161
"c:\Users\Administrator\open-webui\src\lib\i18n\locales\fi-FI\translation.json", "JSON", 0, 0, 0, 1160, 0, 0, 0, 0, 0, 0, 0, 0, 0, 1, 1161
"c:\Users\Administrator\open-webui\src\lib\i18n\locales\fr-CA\translation.json", "JSON", 0, 0, 0, 1160, 0, 0, 0, 0, 0, 0, 0, 0, 0, 1, 1161
"c:\Users\Administrator\open-webui\src\lib\i18n\locales\fr-FR\translation.json", "JSON", 0, 0, 0, 1160, 0, 0, 0, 0, 0, 0, 0, 0, 0, 1, 1161
"c:\Users\Administrator\open-webui\src\lib\i18n\locales\he-IL\translation.json", "JSON", 0, 0, 0, 1160, 0, 0, 0, 0, 0, 0, 0, 0, 0, 1, 1161
"c:\Users\Administrator\open-webui\src\lib\i18n\locales\hi-IN\translation.json", "JSON", 0, 0, 0, 1160, 0, 0, 0, 0, 0, 0, 0, 0, 0, 1, 1161
"c:\Users\Administrator\open-webui\src\lib\i18n\locales\hr-HR\translation.json", "JSON", 0, 0, 0, 1160, 0, 0, 0, 0, 0, 0, 0, 0, 0, 1, 1161
"c:\Users\Administrator\open-webui\src\lib\i18n\locales\hu-HU\translation.json", "JSON", 0, 0, 0, 1160, 0, 0, 0, 0, 0, 0, 0, 0, 0, 1, 1161
"c:\Users\Administrator\open-webui\src\lib\i18n\locales\id-ID\translation.json", "JSON", 0, 0, 0, 1160, 0, 0, 0, 0, 0, 0, 0, 0, 0, 1, 1161
"c:\Users\Administrator\open-webui\src\lib\i18n\locales\ie-GA\translation.json", "JSON", 0, 0, 0, 1160, 0, 0, 0, 0, 0, 0, 0, 0, 0, 1, 1161
"c:\Users\Administrator\open-webui\src\lib\i18n\locales\it-IT\translation.json", "JSON", 0, 0, 0, 1160, 0, 0, 0, 0, 0, 0, 0, 0, 0, 1, 1161
"c:\Users\Administrator\open-webui\src\lib\i18n\locales\ja-JP\translation.json", "JSON", 0, 0, 0, 1160, 0, 0, 0, 0, 0, 0, 0, 0, 0, 1, 1161
"c:\Users\Administrator\open-webui\src\lib\i18n\locales\ka-GE\translation.json", "JSON", 0, 0, 0, 1160, 0, 0, 0, 0, 0, 0, 0, 0, 0, 1, 1161
"c:\Users\Administrator\open-webui\src\lib\i18n\locales\ko-KR\translation.json", "JSON", 0, 0, 0, 1160, 0, 0, 0, 0, 0, 0, 0, 0, 0, 1, 1161
"c:\Users\Administrator\open-webui\src\lib\i18n\locales\languages.json", "JSON", 0, 0, 0, 198, 0, 0, 0, 0, 0, 0, 0, 0, 0, 1, 199
"c:\Users\Administrator\open-webui\src\lib\i18n\locales\lt-LT\translation.json", "JSON", 0, 0, 0, 1160, 0, 0, 0, 0, 0, 0, 0, 0, 0, 1, 1161
"c:\Users\Administrator\open-webui\src\lib\i18n\locales\ms-MY\translation.json", "JSON", 0, 0, 0, 1160, 0, 0, 0, 0, 0, 0, 0, 0, 0, 1, 1161
"c:\Users\Administrator\open-webui\src\lib\i18n\locales\nb-NO\translation.json", "JSON", 0, 0, 0, 1160, 0, 0, 0, 0, 0, 0, 0, 0, 0, 1, 1161
"c:\Users\Administrator\open-webui\src\lib\i18n\locales\nl-NL\translation.json", "JSON", 0, 0, 0, 1160, 0, 0, 0, 0, 0, 0, 0, 0, 0, 1, 1161
"c:\Users\Administrator\open-webui\src\lib\i18n\locales\pa-IN\translation.json", "JSON", 0, 0, 0, 1160, 0, 0, 0, 0, 0, 0, 0, 0, 0, 1, 1161
"c:\Users\Administrator\open-webui\src\lib\i18n\locales\pl-PL\translation.json", "JSON", 0, 0, 0, 1160, 0, 0, 0, 0, 0, 0, 0, 0, 0, 1, 1161
"c:\Users\Administrator\open-webui\src\lib\i18n\locales\pt-BR\translation.json", "JSON", 0, 0, 0, 1160, 0, 0, 0, 0, 0, 0, 0, 0, 0, 1, 1161
"c:\Users\Administrator\open-webui\src\lib\i18n\locales\pt-PT\translation.json", "JSON", 0, 0, 0, 1160, 0, 0, 0, 0, 0, 0, 0, 0, 0, 1, 1161
"c:\Users\Administrator\open-webui\src\lib\i18n\locales\ro-RO\translation.json", "JSON", 0, 0, 0, 1160, 0, 0, 0, 0, 0, 0, 0, 0, 0, 1, 1161
"c:\Users\Administrator\open-webui\src\lib\i18n\locales\ru-RU\translation.json", "JSON", 0, 0, 0, 1160, 0, 0, 0, 0, 0, 0, 0, 0, 0, 1, 1161
"c:\Users\Administrator\open-webui\src\lib\i18n\locales\sk-SK\translation.json", "JSON", 0, 0, 0, 1160, 0, 0, 0, 0, 0, 0, 0, 0, 0, 1, 1161
"c:\Users\Administrator\open-webui\src\lib\i18n\locales\sr-RS\translation.json", "JSON", 0, 0, 0, 1160, 0, 0, 0, 0, 0, 0, 0, 0, 0, 1, 1161
"c:\Users\Administrator\open-webui\src\lib\i18n\locales\sv-SE\translation.json", "JSON", 0, 0, 0, 1160, 0, 0, 0, 0, 0, 0, 0, 0, 0, 1, 1161
"c:\Users\Administrator\open-webui\src\lib\i18n\locales\th-TH\translation.json", "JSON", 0, 0, 0, 1160, 0, 0, 0, 0, 0, 0, 0, 0, 0, 1, 1161
"c:\Users\Administrator\open-webui\src\lib\i18n\locales\tk-TM\translation.json", "JSON", 0, 0, 0, 716, 0, 0, 0, 0, 0, 0, 0, 0, 0, 1, 717
"c:\Users\Administrator\open-webui\src\lib\i18n\locales\tk-TW\translation.json", "JSON", 0, 0, 0, 1160, 0, 0, 0, 0, 0, 0, 0, 0, 0, 1, 1161
"c:\Users\Administrator\open-webui\src\lib\i18n\locales\tr-TR\translation.json", "JSON", 0, 0, 0, 1160, 0, 0, 0, 0, 0, 0, 0, 0, 0, 1, 1161
"c:\Users\Administrator\open-webui\src\lib\i18n\locales\uk-UA\translation.json", "JSON", 0, 0, 0, 1160, 0, 0, 0, 0, 0, 0, 0, 0, 0, 1, 1161
"c:\Users\Administrator\open-webui\src\lib\i18n\locales\ur-PK\translation.json", "JSON", 0, 0, 0, 1160, 0, 0, 0, 0, 0, 0, 0, 0, 0, 1, 1161
"c:\Users\Administrator\open-webui\src\lib\i18n\locales\vi-VN\translation.json", "JSON", 0, 0, 0, 1160, 0, 0, 0, 0, 0, 0, 0, 0, 0, 1, 1161
"c:\Users\Administrator\open-webui\src\lib\i18n\locales\zh-CN\translation.json", "JSON", 0, 0, 0, 1160, 0, 0, 0, 0, 0, 0, 0, 0, 0, 1, 1161
"c:\Users\Administrator\open-webui\src\lib\i18n\locales\zh-TW\translation.json", "JSON", 0, 0, 0, 1160, 0, 0, 0, 0, 0, 0, 0, 0, 0, 1, 1161
"c:\Users\Administrator\open-webui\src\lib\index.ts", "TypeScript", 0, 0, 0, 0, 0, 0, 0, 0, 0, 0, 0, 0, 1, 1, 2
"c:\Users\Administrator\open-webui\src\lib\pyodide\pyodideKernel.ts", "TypeScript", 0, 0, 64, 0, 0, 0, 0, 0, 0, 0, 0, 0, 6, 12, 82
"c:\Users\Administrator\open-webui\src\lib\pyodide\pyodideKernel.worker.ts", "TypeScript", 0, 0, 100, 0, 0, 0, 0, 0, 0, 0, 0, 0, 8, 16, 124
"c:\Users\Administrator\open-webui\src\lib\stores\index.ts", "TypeScript", 0, 0, 194, 0, 0, 0, 0, 0, 0, 0, 0, 0, 3, 36, 233
"c:\Users\Administrator\open-webui\src\lib\types\index.ts", "TypeScript", 0, 0, 14, 0, 0, 0, 0, 0, 0, 0, 0, 0, 0, 2, 16
"c:\Users\Administrator\open-webui\src\lib\utils\_template_old.ts", "TypeScript", 0, 0, 58, 0, 0, 0, 0, 0, 0, 0, 0, 0, 0, 9, 67
"c:\Users\Administrator\open-webui\src\lib\utils\characters\index.ts", "TypeScript", 0, 0, 169, 0, 0, 0, 0, 0, 0, 0, 0, 0, 0, 29, 198
"c:\Users\Administrator\open-webui\src\lib\utils\google-drive-picker.ts", "TypeScript", 0, 0, 188, 0, 0, 0, 0, 0, 0, 0, 0, 0, 8, 17, 213
"c:\Users\Administrator\open-webui\src\lib\utils\index.ts", "TypeScript", 0, 0, 759, 0, 0, 0, 0, 0, 0, 0, 0, 0, 119, 188, 1066
"c:\Users\Administrator\open-webui\src\lib\utils\marked\extension.ts", "TypeScript", 0, 0, 78, 0, 0, 0, 0, 0, 0, 0, 0, 0, 4, 13, 95
"c:\Users\Administrator\open-webui\src\lib\utils\marked\katex-extension.ts", "TypeScript", 0, 0, 120, 0, 0, 0, 0, 0, 0, 0, 0, 0, 12, 27, 159
"c:\Users\Administrator\open-webui\src\lib\utils\onedrive-file-picker.ts", "TypeScript", 0, 0, 247, 0, 0, 0, 0, 0, 0, 0, 0, 0, 5, 17, 269
"c:\Users\Administrator\open-webui\src\lib\utils\rag\index.ts", "TypeScript", 0, 0, 19, 0, 0, 0, 0, 0, 0, 0, 0, 0, 0, 6, 25
"c:\Users\Administrator\open-webui\src\lib\utils\transitions\index.ts", "TypeScript", 0, 0, 39, 0, 0, 0, 0, 0, 0, 0, 0, 0, 0, 10, 49
"c:\Users\Administrator\open-webui\src\lib\workers\KokoroWorker.ts", "TypeScript", 0, 0, 90, 0, 0, 0, 0, 0, 0, 0, 0, 0, 2, 15, 107
"c:\Users\Administrator\open-webui\src\lib\workers\kokoro.worker.ts", "TypeScript", 0, 0, 44, 0, 0, 0, 0, 0, 0, 0, 0, 0, 3, 11, 58
"c:\Users\Administrator\open-webui\src\lib\workers\pyodide.worker.ts", "TypeScript", 0, 0, 109, 0, 0, 0, 0, 0, 0, 0, 0, 0, 42, 26, 177
"c:\Users\Administrator\open-webui\src\routes\(app)\+layout.svelte", "Svelte", 0, 298, 0, 0, 0, 0, 0, 0, 0, 0, 0, 0, 0, 51, 349
"c:\Users\Administrator\open-webui\src\routes\(app)\+page.svelte", "Svelte", 0, 6, 0, 0, 0, 0, 0, 0, 0, 0, 0, 0, 0, 2, 8
"c:\Users\Administrator\open-webui\src\routes\(app)\admin\+layout.svelte", "Svelte", 0, 79, 0, 0, 0, 0, 0, 0, 0, 0, 0, 0, 0, 12, 91
"c:\Users\Administrator\open-webui\src\routes\(app)\admin\+page.svelte", "Svelte", 0, 7, 0, 0, 0, 0, 0, 0, 0, 0, 0, 0, 0, 2, 9
"c:\Users\Administrator\open-webui\src\routes\(app)\admin\evaluations\+page.svelte", "Svelte", 0, 4, 0, 0, 0, 0, 0, 0, 0, 0, 0, 0, 0, 2, 6
"c:\Users\Administrator\open-webui\src\routes\(app)\admin\functions\+page.svelte", "Svelte", 0, 16, 0, 0, 0, 0, 0, 0, 0, 0, 0, 0, 0, 4, 20
"c:\Users\Administrator\open-webui\src\routes\(app)\admin\functions\create\+page.svelte", "Svelte", 0, 88, 0, 0, 0, 0, 0, 0, 0, 0, 0, 0, 0, 16, 104
"c:\Users\Administrator\open-webui\src\routes\(app)\admin\functions\edit\+page.svelte", "Svelte", 0, 81, 0, 0, 0, 0, 0, 0, 0, 0, 0, 0, 0, 13, 94
"c:\Users\Administrator\open-webui\src\routes\(app)\admin\settings\+page.svelte", "Svelte", 0, 4, 0, 0, 0, 0, 0, 0, 0, 0, 0, 0, 0, 2, 6
"c:\Users\Administrator\open-webui\src\routes\(app)\admin\users\+page.svelte", "Svelte", 0, 4, 0, 0, 0, 0, 0, 0, 0, 0, 0, 0, 0, 2, 6
"c:\Users\Administrator\open-webui\src\routes\(app)\c\[id]\+page.svelte", "Svelte", 0, 7, 0, 0, 0, 0, 0, 0, 0, 0, 0, 0, 0, 3, 10
"c:\Users\Administrator\open-webui\src\routes\(app)\channels\[id]\+page.svelte", "Svelte", 0, 5, 0, 0, 0, 0, 0, 0, 0, 0, 0, 0, 0, 3, 8
"c:\Users\Administrator\open-webui\src\routes\(app)\home\+layout.svelte", "Svelte", 0, 58, 0, 0, 0, 0, 0, 0, 0, 0, 0, 0, 0, 8, 66
"c:\Users\Administrator\open-webui\src\routes\(app)\home\+page.svelte", "Svelte", 0, 0, 0, 0, 0, 0, 0, 0, 0, 0, 0, 0, 0, 1, 1
"c:\Users\Administrator\open-webui\src\routes\(app)\playground\+layout.svelte", "Svelte", 0, 62, 0, 0, 0, 0, 0, 0, 0, 0, 0, 0, 6, 9, 77
"c:\Users\Administrator\open-webui\src\routes\(app)\playground\+page.svelte", "Svelte", 0, 4, 0, 0, 0, 0, 0, 0, 0, 0, 0, 0, 0, 2, 6
"c:\Users\Administrator\open-webui\src\routes\(app)\playground\completions\+page.svelte", "Svelte", 0, 4, 0, 0, 0, 0, 0, 0, 0, 0, 0, 0, 0, 2, 6
"c:\Users\Administrator\open-webui\src\routes\(app)\playground\notes\+page.svelte", "Svelte", 0, 4, 0, 0, 0, 0, 0, 0, 0, 0, 0, 0, 0, 2, 6
"c:\Users\Administrator\open-webui\src\routes\(app)\workspace\+layout.svelte", "Svelte", 0, 121, 0, 0, 0, 0, 0, 0, 0, 0, 0, 0, 1, 14, 136
"c:\Users\Administrator\open-webui\src\routes\(app)\workspace\+page.svelte", "Svelte", 0, 22, 0, 0, 0, 0, 0, 0, 0, 0, 0, 0, 0, 2, 24
"c:\Users\Administrator\open-webui\src\routes\(app)\workspace\functions\create\+page.svelte", "Svelte", 0, 7, 0, 0, 0, 0, 0, 0, 0, 0, 0, 0, 0, 2, 9
"c:\Users\Administrator\open-webui\src\routes\(app)\workspace\knowledge\+page.svelte", "Svelte", 0, 16, 0, 0, 0, 0, 0, 0, 0, 0, 0, 0, 0, 4, 20
"c:\Users\Administrator\open-webui\src\routes\(app)\workspace\knowledge\[id]\+page.svelte", "Svelte", 0, 4, 0, 0, 0, 0, 0, 0, 0, 0, 0, 0, 0, 2, 6
"c:\Users\Administrator\open-webui\src\routes\(app)\workspace\knowledge\create\+page.svelte", "Svelte", 0, 4, 0, 0, 0, 0, 0, 0, 0, 0, 0, 0, 0, 2, 6
"c:\Users\Administrator\open-webui\src\routes\(app)\workspace\models\+page.svelte", "Svelte", 0, 21, 0, 0, 0, 0, 0, 0, 0, 0, 0, 0, 0, 3, 24
"c:\Users\Administrator\open-webui\src\routes\(app)\workspace\models\create\+page.svelte", "Svelte", 0, 76, 0, 0, 0, 0, 0, 0, 0, 0, 0, 0, 0, 16, 92
"c:\Users\Administrator\open-webui\src\routes\(app)\workspace\models\edit\+page.svelte", "Svelte", 0, 41, 0, 0, 0, 0, 0, 0, 0, 0, 0, 0, 0, 11, 52
"c:\Users\Administrator\open-webui\src\routes\(app)\workspace\prompts\+page.svelte", "Svelte", 0, 4, 0, 0, 0, 0, 0, 0, 0, 0, 0, 0, 0, 2, 6
"c:\Users\Administrator\open-webui\src\routes\(app)\workspace\prompts\create\+page.svelte", "Svelte", 0, 55, 0, 0, 0, 0, 0, 0, 0, 0, 0, 0, 0, 12, 67
"c:\Users\Administrator\open-webui\src\routes\(app)\workspace\prompts\edit\+page.svelte", "Svelte", 0, 50, 0, 0, 0, 0, 0, 0, 0, 0, 0, 0, 0, 9, 59
"c:\Users\Administrator\open-webui\src\routes\(app)\workspace\tools\+page.svelte", "Svelte", 0, 5, 0, 0, 0, 0, 0, 0, 0, 0, 0, 0, 0, 3, 8
"c:\Users\Administrator\open-webui\src\routes\(app)\workspace\tools\create\+page.svelte", "Svelte", 0, 83, 0, 0, 0, 0, 0, 0, 0, 0, 0, 0, 0, 15, 98
"c:\Users\Administrator\open-webui\src\routes\(app)\workspace\tools\edit\+page.svelte", "Svelte", 0, 77, 0, 0, 0, 0, 0, 0, 0, 0, 0, 0, 0, 12, 89
"c:\Users\Administrator\open-webui\src\routes\+error.svelte", "Svelte", 0, 10, 0, 0, 0, 0, 0, 0, 0, 0, 0, 0, 0, 2, 12
"c:\Users\Administrator\open-webui\src\routes\+layout.js", "JavaScript", 0, 0, 0, 0, 2, 0, 0, 0, 0, 0, 0, 0, 12, 3, 17
"c:\Users\Administrator\open-webui\src\routes\+layout.svelte", "Svelte", 0, 497, 0, 0, 0, 0, 0, 0, 0, 0, 0, 0, 4, 92, 593
"c:\Users\Administrator\open-webui\src\routes\auth\+page.svelte", "Svelte", 0, 415, 0, 0, 0, 0, 0, 0, 0, 0, 0, 0, 0, 43, 458
"c:\Users\Administrator\open-webui\src\routes\error\+page.svelte", "Svelte", 0, 52, 0, 0, 0, 0, 0, 0, 0, 0, 0, 0, 0, 9, 61
"c:\Users\Administrator\open-webui\src\routes\s\[id]\+page.svelte", "Svelte", 0, 158, 0, 0, 0, 0, 0, 0, 0, 0, 0, 0, 0, 32, 190
"c:\Users\Administrator\open-webui\src\routes\watch\+page.svelte", "Svelte", 0, 18, 0, 0, 0, 0, 0, 0, 0, 0, 0, 0, 0, 5, 23
"c:\Users\Administrator\open-webui\src\tailwind.css", "CSS", 30, 0, 0, 0, 0, 0, 0, 0, 0, 0, 0, 0, 8, 8, 46
"Total", "-", -9227, 47296, 10429, 61710, -71932, 199, -88, -54, -28897, -30, -90, -13, -910, 1458, 9851